id,developerId,treatmentAssignment,status,priorExperience,estimatedTimeWithAI,estimatedTimeWithoutAI,createdAt,lastModified,initialImplementationTime,postReviewImplementationTime,estimatedTimeOtherTreatment,perceivedEffort,isPanelDeveloper
47a33fef-793f-429c-98e7-f778bbcc52d5,54,AI-disallowed,complete,4.0,50.0,50.0,2025-08-12,2025-08-13,77.0,30.0,90.0,3.0,True
25e419a1-4ceb-4111-98d6-14e9f24d3d72,38,AI-allowed,incomplete,2.0,60.0,70.0,2025-08-12,2025-08-12,24.0,,,,True
640fda7c-2b07-4fc3-85f6-b1e347247ba6,3,AI-disallowed,complete,4.0,60.0,60.0,2025-08-12,2025-08-20,188.0,0.0,160.0,2.0,True
10df330a-d84c-41d2-8557-b311e54fc289,12,AI-allowed,complete,3.0,330.0,300.0,2025-08-13,2025-11-12,648.0,0.0,500.0,4.0,True
edd974a5-04b7-4c7c-994b-51d78eef79de,54,AI-allowed,incomplete,5.0,20.0,20.0,2025-08-13,2025-08-13,25.0,,,4.0,True
a3834e9a-7872-46f7-99af-25433800e6c3,54,AI-allowed,complete,3.0,100.0,115.0,2025-08-15,2025-09-22,79.0,7.0,88.0,4.0,True
6649390c-9acf-4d5a-8591-c7ffd68ed48e,54,AI-allowed,complete,4.0,25.0,25.0,2025-08-15,2025-08-20,25.0,3.0,31.0,2.0,True
4d2c8787-2535-4fb2-bb04-e114b4448380,54,AI-allowed,complete,5.0,20.0,20.0,2025-08-20,2025-09-13,50.0,40.0,90.0,4.0,True
705a1ea5-c23b-4bc4-9f89-ac064dbff3ad,3,AI-allowed,incomplete,2.0,60.0,55.0,2025-08-20,2025-08-20,,,,,True
c0fe3f07-b9a4-411c-ac9c-1d5c5f4c07ed,15,AI-allowed,complete,4.0,15.0,25.0,2025-08-22,2025-08-22,23.0,8.0,25.0,2.0,True
3cd40bb0-8492-40d8-a5f2-c1501d1c0ddf,15,AI-disallowed,complete,3.0,20.0,20.0,2025-08-22,2025-08-25,13.0,0.0,12.0,2.0,True
32c8ac27-fd15-4a36-a7f0-37aaddcf68e9,15,AI-disallowed,complete,5.0,10.0,15.0,2025-08-25,2025-08-27,12.0,0.0,12.0,1.0,True
4d972dd6-1e1b-44e8-a074-abb6c0c9b841,38,AI-allowed,incomplete,1.0,120.0,150.0,2025-08-26,2025-08-26,42.0,,,,True
4d0db5ae-47e4-4610-9781-ffb36f81e1b8,15,AI-allowed,complete,3.0,90.0,120.0,2025-08-26,2025-08-27,88.0,15.0,130.0,3.0,True
da4f7f51-508f-460e-a0bc-041ea157e2f6,54,AI-allowed,complete,4.0,30.0,35.0,2025-08-27,2025-09-13,24.0,0.0,60.0,3.0,True
d9bae991-7113-4bb1-884a-fd6541f3a447,15,AI-allowed,complete,4.0,20.0,40.0,2025-08-27,2025-08-27,90.0,0.0,70.0,1.0,True
e4db0583-56c8-422f-9c09-e09790276931,54,AI-disallowed,complete,4.0,30.0,35.0,2025-08-29,2025-09-13,12.0,0.0,12.0,2.0,True
cfc8e09c-c52f-4a4e-ba6c-17adca728bbd,12,AI-allowed,complete,2.0,90.0,120.0,2025-08-30,2025-11-12,32.0,0.0,45.0,2.0,True
334dbe57-8881-4699-878c-ed5c52712feb,12,AI-disallowed,ditched,4.0,180.0,200.0,2025-08-30,2026-01-28,,,,,True
61038f53-ea15-48bf-8104-88b7299ba44b,12,AI-disallowed,complete,4.0,60.0,60.0,2025-08-30,2025-08-30,70.0,0.0,50.0,3.0,True
8bc7b42a-9001-42d5-ab1a-1c1202e7818a,12,AI-disallowed,complete,4.0,45.0,45.0,2025-08-30,2025-08-30,10.0,0.0,5.0,1.0,True
04c26b05-9ed7-4f9c-81b9-278f80b4b9f6,12,AI-disallowed,complete,2.0,60.0,90.0,2025-08-30,2025-11-12,191.0,0.0,90.0,4.0,True
dd7d5cdd-d047-4666-add7-dfb94e11a296,12,AI-disallowed,complete,4.0,20.0,30.0,2025-08-31,2025-09-26,13.0,0.0,10.0,1.0,True
b5c810c3-fc62-4a71-bdfa-8e3e43ee12b2,12,AI-disallowed,complete,4.0,20.0,40.0,2025-09-01,2026-01-03,75.0,0.0,25.0,1.0,True
9a430877-db88-4281-b908-277aa2dd71f9,12,AI-disallowed,incomplete,3.0,90.0,120.0,2025-09-01,2025-09-01,,,,,True
b2fb4f5f-b5d5-4cb8-91fd-ff559013aabc,12,AI-allowed,complete,2.0,480.0,600.0,2025-09-01,2025-09-13,176.0,102.0,400.0,3.0,True
7ce52d14-7133-4241-a6de-25efe09cec79,12,AI-disallowed,incomplete,3.0,240.0,300.0,2025-09-01,2025-09-01,,,,,True
e93ec3b5-b8c6-4e8b-95bf-91fe4fe677cd,12,AI-disallowed,incomplete,3.0,540.0,600.0,2025-09-01,2025-09-01,,,,,True
50b908f8-a220-405a-8d9c-b67bb76b0d9c,15,AI-allowed,complete,1.0,480.0,600.0,2025-09-02,2025-09-05,526.0,70.0,700.0,4.0,True
8fb05b96-a84c-4b4d-9a97-0b9758b4e13b,26,AI-allowed,complete,4.0,120.0,150.0,2025-09-03,2025-11-21,285.0,127.0,320.0,2.0,True
1a6bc05b-fa27-468c-87c1-32d1b73e01ea,26,AI-allowed,complete,3.0,5.0,5.0,2025-09-03,2025-09-06,23.0,0.0,35.0,1.0,True
8754c1bf-b377-4530-b15f-ffc213544d31,26,AI-allowed,complete,3.0,5.0,5.0,2025-09-03,2025-09-06,10.0,0.0,35.0,1.0,True
d9cca6a7-ac94-4625-a223-7f40134d8418,15,AI-allowed,complete,3.0,30.0,40.0,2025-09-06,2025-09-08,38.0,0.0,60.0,1.0,True
1cfae3d1-87b5-4217-9c6f-d8c7d3bbfb8b,15,AI-allowed,complete,3.0,40.0,50.0,2025-09-06,2025-09-08,128.0,5.0,145.0,3.0,True
75faf35e-bcbc-4537-844f-0996351d15a8,12,AI-disallowed,complete,5.0,90.0,180.0,2025-09-06,2026-01-02,851.0,0.0,180.0,3.0,True
a1e387d8-de28-459e-9550-6631a5090bd2,26,AI-disallowed,complete,1.0,120.0,180.0,2025-09-06,2025-09-09,185.0,133.0,230.0,2.0,True
f4a6f27e-e70e-4bf1-b054-8b7bf42ff3d4,26,AI-disallowed,complete,1.0,140.0,190.0,2025-09-07,2025-09-17,194.0,113.0,250.0,3.0,True
44411f9e-9e12-4783-9862-0e653c7e6af4,26,AI-disallowed,complete,3.0,180.0,220.0,2025-09-10,2025-09-22,109.0,13.0,95.0,2.0,True
a749364e-12e2-46df-b121-ccfdb33ed13f,3,AI-allowed,incomplete,1.0,240.0,300.0,2025-09-11,2025-09-12,310.0,,330.0,3.0,True
c60f6308-440d-4915-878a-01090b1043c4,3,AI-allowed,incomplete,4.0,150.0,200.0,2025-09-12,2025-09-12,,,,,True
ea1fd721-0e74-4462-9657-5b788f2512e8,54,AI-allowed,complete,5.0,20.0,20.0,2025-09-13,2025-09-19,17.0,5.0,22.0,1.0,True
714d3eb6-e676-4b6c-9f72-6c9dbd4962ac,38,AI-disallowed,incomplete,3.0,100.0,100.0,2025-09-16,2025-09-16,44.0,,42.0,3.0,True
5419703c-7922-470e-be31-0929f6f198e6,26,AI-disallowed,complete,2.0,200.0,250.0,2025-09-16,2025-09-29,46.0,27.0,60.0,1.0,True
654a890e-fd61-4722-b456-bc136eb5b6fc,26,AI-disallowed,complete,3.0,80.0,120.0,2025-09-17,2025-09-18,16.0,0.0,8.0,1.0,True
65ef1ad0-423a-40c8-b68b-5135b74c4650,26,AI-allowed,complete,3.0,80.0,120.0,2025-09-17,2025-09-17,21.0,0.0,15.0,2.0,True
3ad93498-ce92-4af0-ba8b-1c3e2d7e0f55,26,AI-disallowed,complete,2.0,150.0,180.0,2025-09-18,2025-09-22,54.0,0.0,70.0,1.0,True
1e3306dc-5a66-4635-b9d5-01f4ef80505b,26,AI-allowed,complete,2.0,150.0,180.0,2025-09-18,2025-09-23,148.0,30.0,210.0,2.0,True
82b20596-c307-4478-946d-90849817be8f,26,AI-allowed,complete,2.0,150.0,180.0,2025-09-18,2025-11-21,109.0,0.0,80.0,1.0,True
208a849c-cdcb-4ad9-8062-1c80ab0e93e9,26,AI-disallowed,complete,2.0,150.0,180.0,2025-09-18,2025-09-30,56.0,32.0,70.0,1.0,True
b9928a97-47a5-4c74-9f1e-f038065971d8,26,AI-allowed,ditched,2.0,360.0,420.0,2025-09-19,2025-09-20,,,,,True
61e2870b-cdd3-455c-bc0f-41675b854aa9,26,AI-disallowed,complete,1.0,200.0,240.0,2025-09-19,2025-09-22,193.0,30.0,180.0,3.0,True
3557a487-41e1-43aa-8e85-3ee3f0362395,26,AI-disallowed,complete,2.0,200.0,240.0,2025-09-20,2025-09-26,57.0,17.0,60.0,1.0,True
f28f5b10-6dbd-4e0f-9438-e86b3365989d,54,AI-allowed,incomplete,2.0,240.0,270.0,2025-09-20,2025-09-22,,,,,True
185cf91c-3da7-4458-ae54-55c7991cda2f,54,AI-disallowed,incomplete,4.0,120.0,125.0,2025-09-20,2025-09-21,115.0,,,4.0,True
a80e6178-bb95-4ddc-bd4e-6ca4a6b12f92,35,AI-allowed,complete,4.0,20.0,20.0,2025-09-21,2025-09-22,9.0,2.0,2.0,1.0,True
14ec5def-dcd3-4b53-af64-27664e0a7a68,26,AI-allowed,complete,2.0,200.0,240.0,2025-09-21,2025-09-30,60.0,6.0,80.0,1.0,True
f1dcceca-c37c-4bf4-b77a-91b93975fb33,26,AI-allowed,complete,2.0,200.0,240.0,2025-09-21,2025-10-04,33.0,11.0,50.0,1.0,True
c4478c41-cc20-4c67-807a-c0e7a9a3823b,26,AI-disallowed,complete,1.0,200.0,240.0,2025-09-21,2025-10-04,125.0,18.0,150.0,2.0,True
b6d80027-3ca5-4117-94fd-0259c9a93c65,26,AI-allowed,incomplete,1.0,200.0,240.0,2025-09-21,2025-09-21,,,,,True
4ff92083-61f5-4776-a61b-54acd84fc124,54,AI-allowed,complete,4.0,40.0,42.0,2025-09-22,2025-10-02,9.0,0.0,9.0,1.0,True
bd6fa0c1-2a75-42ef-a86f-5387d42e0d60,54,AI-allowed,incomplete,4.0,60.0,62.0,2025-09-22,2025-09-22,,,,,True
d83a84fa-9a97-43ff-8015-c5818ab23e65,26,AI-allowed,complete,4.0,45.0,50.0,2025-09-22,2025-09-26,73.0,43.0,110.0,2.0,True
baca42eb-adae-4c59-a18f-c8d9a960776b,26,AI-disallowed,complete,4.0,45.0,50.0,2025-09-22,2025-09-24,23.0,0.0,15.0,1.0,True
22976b63-e990-47b8-9a26-529a57bfd5be,47,AI-disallowed,incomplete,3.0,800.0,800.0,2025-09-22,2025-10-09,,,,,True
6ff0657b-e77d-49b9-94ff-383e07d147e4,35,AI-disallowed,complete,4.0,110.0,120.0,2025-09-22,2025-10-20,105.0,0.0,0.0,3.0,True
07fd7050-798e-4b2b-8fc5-e38a1fef5ada,6,AI-allowed,complete,4.0,30.0,30.0,2025-09-22,2025-09-27,23.0,0.0,23.0,2.0,True
7e3f26b5-1a30-4ce0-ac82-28edd8b656af,12,AI-disallowed,complete,3.0,10.0,15.0,2025-09-22,2025-09-24,13.0,0.0,8.0,1.0,True
49078492-c16c-4431-ad69-341a2fc442a0,6,AI-disallowed,complete,5.0,15.0,15.0,2025-09-23,2025-09-27,6.0,0.0,6.0,1.0,True
4625c604-f7ad-4be5-8f14-ddbc310b7d5f,35,AI-disallowed,complete,4.0,25.0,30.0,2025-09-25,2025-09-27,74.0,0.0,0.0,3.0,True
3aa431b8-5c2c-4853-b031-75b7c9e1fb7b,26,AI-disallowed,complete,1.0,150.0,180.0,2025-09-28,2025-09-28,145.0,22.0,150.0,2.0,True
992117c4-d34c-499b-8dc4-cb2761a7f909,15,AI-allowed,complete,3.0,360.0,480.0,2025-09-29,2025-10-06,500.0,90.0,450.0,3.0,True
e3cf7d18-575d-4741-b44b-0a0bc7396d30,38,AI-disallowed,incomplete,3.0,180.0,180.0,2025-09-30,2025-10-07,250.0,30.0,,3.0,True
c5add27e-c777-4072-944e-e95546ce6cd6,26,AI-disallowed,ditched,1.0,420.0,360.0,2025-09-30,2025-09-30,,,,,True
a9f84ac7-4854-456c-bbb8-33a2b7d203a6,26,AI-disallowed,complete,1.0,180.0,150.0,2025-10-01,2025-11-21,254.0,67.0,300.0,2.0,True
a6bd0a29-5d78-48d6-aea8-c1bf6e157695,35,AI-disallowed,ditched,5.0,15.0,15.0,2025-10-01,2025-10-20,11.0,1.0,1.0,1.0,True
77a7a21a-7bd7-4c29-aec0-65b445d21cf0,35,AI-disallowed,complete,5.0,15.0,15.0,2025-10-01,2025-11-27,21.0,3.0,24.0,1.0,True
dd4655b2-aac8-4d34-8c4e-9c0d664343d7,35,AI-allowed,complete,4.0,20.0,20.0,2025-10-01,2025-11-22,34.0,62.0,96.0,3.0,True
9868b0af-a295-4d94-a711-9b1f8a324af4,54,AI-disallowed,incomplete,4.0,120.0,130.0,2025-10-02,2025-10-16,155.0,30.0,,3.0,True
eeb10009-2ae1-4d94-ac77-7b06998a90a5,26,AI-allowed,complete,1.0,120.0,150.0,2025-10-02,2025-10-04,32.0,0.0,50.0,1.0,True
731fa361-15b9-44fa-9b00-07a5c3a53988,26,AI-allowed,incomplete,1.0,270.0,300.0,2025-10-02,2025-10-02,,,,,True
7422a7f4-352d-41a8-9e5b-dd089d0ec8e6,35,AI-allowed,complete,4.0,60.0,60.0,2025-10-02,2025-11-22,31.0,20.0,51.0,3.0,True
63d0f69a-6e5c-49a9-8595-6c5878cc834a,54,AI-allowed,complete,4.0,60.0,65.0,2025-10-03,2025-10-06,53.0,0.0,53.0,4.0,True
a4296ab7-9fa3-4f96-a0a6-c52dfc5e5e52,15,AI-disallowed,complete,4.0,60.0,80.0,2025-10-03,2025-10-06,54.0,0.0,50.0,2.0,True
60c936df-1ae4-4189-acda-3983968e782d,47,AI-disallowed,complete,3.0,200.0,200.0,2025-10-06,2025-10-17,260.0,65.0,350.0,2.0,True
7ec6e486-dc76-427a-8452-20570b516fd2,54,AI-allowed,complete,2.0,80.0,90.0,2025-10-06,2025-10-19,37.0,12.0,49.0,2.0,True
c131d33b-796a-4b56-8f50-984ce649ad3f,38,AI-disallowed,incomplete,4.0,120.0,180.0,2025-10-08,2025-10-08,,,,,True
cd232ad3-61ce-4a2a-83f2-afe6bf00619a,15,AI-allowed,complete,4.0,180.0,300.0,2025-10-08,2025-10-13,336.0,30.0,500.0,3.0,True
54a709b0-9683-4f2c-8c7d-19197a30411f,47,AI-disallowed,complete,5.0,140.0,140.0,2025-10-09,2025-10-28,190.0,520.0,800.0,3.0,True
df56872d-85a7-4f63-8db8-107cddd65cb2,12,AI-allowed,complete,4.0,20.0,40.0,2025-10-13,2025-10-16,21.0,5.0,45.0,2.0,True
4ecbaea9-9917-4b96-a0a2-ee25582e1f48,15,AI-allowed,complete,4.0,60.0,90.0,2025-10-13,2025-10-13,62.0,20.0,80.0,3.0,True
9fb55b1a-c8ec-497a-8f15-5ca3727f4a21,54,AI-disallowed,incomplete,4.0,80.0,100.0,2025-10-13,2025-10-14,,,,,True
093c1de7-b358-4317-87d5-2f839cfbebb3,15,AI-disallowed,complete,4.0,20.0,30.0,2025-10-14,2025-10-14,8.0,0.0,8.0,1.0,True
4c86ddda-6a39-4b97-8117-852da6ed224f,15,AI-disallowed,complete,3.0,40.0,60.0,2025-10-14,2025-10-15,88.0,25.0,20.0,4.0,True
a777e5c7-1858-425c-b543-ff8eb476a1ee,26,AI-disallowed,complete,4.0,360.0,330.0,2025-10-22,2025-11-21,120.0,0.0,180.0,1.0,True
a8d6b243-f554-46e0-b7d4-98e9495703cc,26,AI-allowed,complete,4.0,360.0,330.0,2025-10-22,2025-11-21,147.0,39.0,160.0,1.0,True
62ebf72e-e21e-4f79-9b98-5480364522cd,26,AI-allowed,complete,4.0,360.0,330.0,2025-10-22,2025-11-21,234.0,53.0,200.0,1.0,True
a4fa0352-8bec-424e-8efa-980dbabd717d,26,AI-allowed,complete,1.0,180.0,240.0,2025-10-30,2025-11-12,96.0,0.0,120.0,1.0,True
a1388aec-af22-4b7b-ba3d-c17026a01e8b,26,AI-disallowed,complete,1.0,120.0,150.0,2025-11-01,2025-11-12,271.0,0.0,250.0,2.0,True
ff8b1b05-2e0a-4459-a22d-66b57ec56e32,37,AI-allowed,complete,5.0,20.0,30.0,2025-11-03,2025-11-09,60.0,0.0,58.0,4.0,True
f2420e22-d669-403d-bae4-1bc8945a87a9,15,AI-disallowed,complete,3.0,300.0,400.0,2025-11-04,2025-11-06,287.0,32.0,250.0,4.0,True
646c830e-5ed5-4ddd-ac8e-08fb51e4b853,37,AI-disallowed,incomplete,1.0,230.0,240.0,2025-11-09,2025-11-11,220.0,30.0,245.0,3.0,True
3d187a1f-3519-4b13-a731-f8ae04930167,26,AI-disallowed,complete,1.0,280.0,250.0,2025-11-12,2025-12-08,496.0,109.0,540.0,4.0,True
cfe5f492-9081-4b79-9cfb-5605d5f3f7fb,26,AI-allowed,incomplete,4.0,280.0,250.0,2025-11-12,2025-11-15,456.0,,,3.0,True
aaeddd63-e130-4415-862c-b9037707535d,15,AI-disallowed,complete,4.0,30.0,60.0,2025-11-13,2025-12-01,118.0,5.0,100.0,4.0,True
83c5752d-147d-4db1-9898-4b7644b1289d,35,AI-disallowed,incomplete,4.0,40.0,40.0,2025-11-22,2025-11-27,33.0,,,,True
da3d837e-42fb-484c-b004-f56f7c1bd4e6,26,AI-disallowed,complete,1.0,150.0,180.0,2025-11-23,2025-12-04,26.0,0.0,34.0,1.0,True
fc7490de-79ab-4dfc-a57d-698e52890394,26,AI-allowed,complete,1.0,150.0,180.0,2025-11-23,2025-12-04,34.0,0.0,26.0,1.0,True
5da8be6c-1c9c-44d4-a8c1-20ecc9f039bf,15,AI-disallowed,complete,5.0,30.0,40.0,2025-11-24,2025-11-25,70.0,12.0,45.0,2.0,True
c7f1a98e-757b-4941-824b-5bbf945c54e5,47,AI-disallowed,incomplete,4.0,160.0,150.0,2025-11-25,2025-11-25,,,,,True
6b621437-a319-43ec-b9c4-9af73abe1e5d,35,AI-disallowed,complete,1.0,40.0,60.0,2025-11-27,2025-12-11,74.0,16.0,80.0,4.0,True
197ca7b6-00ab-4ad5-87a6-884046827192,26,AI-disallowed,complete,1.0,360.0,380.0,2025-12-01,2026-01-10,255.0,54.0,280.0,3.0,True
e16ac85d-7200-48a6-8594-f6edb483436e,26,AI-allowed,complete,1.0,240.0,280.0,2025-12-01,2025-12-06,83.0,50.0,160.0,1.0,True
2ae46a5f-0792-41e5-9c14-e27cf8e85d19,15,AI-disallowed,complete,1.0,240.0,300.0,2025-12-02,2025-12-02,204.0,0.0,159.0,3.0,True
f8c2a62a-e55d-4f69-97c7-137110d8b9b9,12,AI-disallowed,incomplete,3.0,30.0,60.0,2025-12-06,2025-12-06,,,,,True
ef13acf6-3dd7-49cd-9d95-2b73a2f79377,12,AI-allowed,complete,3.0,20.0,40.0,2025-12-06,2025-12-26,25.0,11.0,45.0,3.0,True
1f138477-2748-4936-bdfe-166ad7f1fe8d,26,AI-disallowed,complete,1.0,90.0,100.0,2025-12-06,2025-12-13,56.0,38.0,70.0,1.0,True
8bc470b1-91f7-49a5-85f5-653df287c203,26,AI-allowed,complete,1.0,55.0,60.0,2025-12-06,2025-12-13,41.0,33.0,90.0,1.0,True
6b3d0eea-4a8d-4eb1-86f6-406c77eefb5c,26,AI-disallowed,complete,1.0,60.0,50.0,2025-12-06,2025-12-21,50.0,31.0,55.0,1.0,True
885c4512-f0d9-49f7-b6b8-82827cda2dc5,26,AI-disallowed,incomplete,1.0,180.0,210.0,2025-12-06,2025-12-20,372.0,,,3.0,True
ed48eb9d-d3c0-4fb6-9e6c-8d63c479f59e,26,AI-allowed,complete,1.0,180.0,210.0,2025-12-06,2025-12-21,147.0,46.0,230.0,1.0,True
2c3e00a4-415d-4b7d-be53-e34b0b5413c5,26,AI-disallowed,complete,1.0,180.0,210.0,2025-12-06,2025-12-22,335.0,228.0,480.0,3.0,True
eb1fbd92-95bb-4274-9a85-5ac728c91623,26,AI-disallowed,complete,1.0,90.0,120.0,2025-12-09,2025-12-13,54.0,0.0,30.0,1.0,True
b68cad3e-de1a-49a2-a52e-087e6a412e69,35,AI-allowed,complete,4.0,30.0,30.0,2025-12-11,2025-12-19,79.0,20.0,99.0,3.0,True
857ec5c1-87f5-401f-9160-3b1d38317fe7,12,AI-allowed,complete,4.0,30.0,60.0,2025-12-13,2025-12-26,20.0,0.0,40.0,2.0,True
ef896c84-0307-47b9-b35a-2daa345db91e,12,AI-allowed,complete,4.0,30.0,60.0,2025-12-13,2025-12-26,35.0,0.0,50.0,2.0,True
ba4e463f-1249-49a4-bb29-f8da72c72ceb,12,AI-disallowed,complete,3.0,60.0,90.0,2025-12-14,2026-01-04,85.0,0.0,45.0,3.0,True
991e18f6-5fcd-445c-b952-02f3595e27f6,12,AI-allowed,complete,4.0,40.0,60.0,2025-12-14,2026-01-02,70.0,25.0,80.0,3.0,True
70eef579-a739-47bd-995b-729e36d677a8,26,AI-disallowed,complete,2.0,60.0,50.0,2025-12-14,2025-12-21,164.0,81.0,180.0,1.0,True
afa1c303-4acc-496b-bd0f-5ed14ae36f0d,26,AI-disallowed,complete,2.0,60.0,50.0,2025-12-14,2025-12-29,103.0,103.0,180.0,3.0,True
197de4ba-91f1-41d3-8fc0-3ffb9f7128d1,26,AI-disallowed,incomplete,1.0,420.0,480.0,2025-12-17,2026-01-17,1020.0,,,5.0,True
cfce66d5-288c-4079-8204-37929576d14d,35,AI-allowed,complete,3.0,30.0,40.0,2025-12-18,2026-01-07,26.0,0.0,26.0,3.0,True
c72be448-ec78-4e99-8abe-361f12a55969,35,AI-allowed,complete,4.0,40.0,40.0,2025-12-19,2025-12-23,65.0,7.0,92.0,3.0,True
869429f3-d81a-4d40-bd88-99badeb92098,35,AI-allowed,complete,4.0,20.0,30.0,2025-12-19,2025-12-27,38.0,0.0,48.0,3.0,True
c4bc150d-2e9a-4584-b897-4e61df7d15da,35,AI-allowed,incomplete,3.0,240.0,260.0,2025-12-19,2025-12-19,,,,,True
917ab6bf-c014-49ee-a5a2-5297aaee55f4,26,AI-allowed,complete,3.0,120.0,180.0,2025-12-22,2026-01-10,85.0,25.0,90.0,1.0,True
8542d382-18e3-4bf6-85a4-48a6b32b0338,15,AI-allowed,complete,5.0,15.0,20.0,2025-12-24,2025-12-29,13.0,0.0,20.0,1.0,True
012082a7-1031-4bd5-9462-bd66d4207fe7,26,AI-disallowed,complete,1.0,30.0,60.0,2025-12-25,2025-12-29,83.0,0.0,90.0,1.0,True
7f754d20-d49c-4e61-a54e-c848ad5682bc,26,AI-allowed,complete,4.0,120.0,180.0,2025-12-29,2026-01-10,66.0,0.0,60.0,1.0,True
a7c9c96e-d242-4d24-9be4-7f5626b5a5c3,26,AI-disallowed,complete,3.0,70.0,80.0,2025-12-29,2026-01-10,74.0,0.0,60.0,1.0,True
8f7700a0-d118-4402-ac18-2a8992f360d5,26,AI-allowed,complete,3.0,70.0,80.0,2025-12-29,2025-12-30,41.0,0.0,70.0,1.0,True
87f85fa3-aa41-49dd-874c-8294936d7360,15,AI-allowed,complete,4.0,45.0,60.0,2025-12-29,2025-12-31,95.0,0.0,180.0,2.0,True
6a7462d4-ab06-4e59-ad57-9be406108800,15,AI-disallowed,complete,3.0,140.0,165.0,2025-12-29,2026-01-02,387.0,0.0,263.0,4.0,True
56749e9a-33e2-4fe4-a2a4-1ff32afd305d,26,AI-allowed,incomplete,1.0,180.0,240.0,2025-12-30,2025-12-30,94.0,,,3.0,True
678f29a6-da94-4403-b87b-c7bd78872943,26,AI-disallowed,complete,3.0,80.0,120.0,2025-12-30,2026-01-10,53.0,0.0,50.0,1.0,True
0c95dc3b-2767-4345-b576-772612b8382e,12,AI-allowed,complete,3.0,30.0,60.0,2025-12-31,2026-01-01,34.0,0.0,60.0,2.0,True
6856ca7e-6797-4b44-a055-843ca5ba51a8,26,AI-allowed,complete,1.0,40.0,60.0,2026-01-01,2026-01-02,95.0,26.0,150.0,1.0,True
2a3e9fbf-6dc2-4950-82d2-5b92b89bc8df,12,AI-disallowed,complete,3.0,240.0,420.0,2026-01-01,2026-01-28,347.0,0.0,200.0,3.0,True
ab0a61da-0537-4e68-b6b9-f2fb79acdca6,12,AI-disallowed,incomplete,1.0,120.0,180.0,2026-01-02,2026-01-02,,,,,True
fe219ae7-7e5e-49f8-9c2b-61bdb75d0527,26,AI-allowed,complete,5.0,120.0,150.0,2026-01-02,2026-01-10,25.0,0.0,60.0,1.0,True
88a0ec80-4846-4e59-814b-847798fcd5ba,26,AI-disallowed,complete,5.0,120.0,150.0,2026-01-02,2026-01-10,49.0,0.0,60.0,1.0,True
2775dacb-c962-4232-a1cd-2729acc3703d,26,AI-allowed,complete,5.0,120.0,150.0,2026-01-02,2026-01-10,14.0,0.0,30.0,1.0,True
1fd5a3c7-07f7-4096-bf4a-eaee87a98025,26,AI-allowed,complete,1.0,210.0,240.0,2026-01-02,2026-01-12,376.0,207.0,300.0,4.0,True
fe8c9193-1daf-4bc3-af41-ffdab4b5a7d6,26,AI-allowed,complete,1.0,120.0,150.0,2026-01-02,2026-01-04,37.0,15.0,60.0,1.0,True
3a23eb9c-2249-42fb-b300-e40f9e524830,26,AI-disallowed,complete,1.0,120.0,150.0,2026-01-02,2026-01-04,57.0,0.0,50.0,1.0,True
d1728dbb-995b-4ae6-9a1c-e4ccf9e473a2,15,AI-disallowed,complete,5.0,15.0,25.0,2026-01-02,2026-01-02,12.0,0.0,9.0,1.0,True
f044ae21-2747-4f40-83e0-34a1b88bac93,15,AI-allowed,complete,5.0,25.0,35.0,2026-01-02,2026-01-04,115.0,0.0,120.0,2.0,True
0b334939-dbcd-45e7-82fb-769290349ab8,15,AI-disallowed,complete,4.0,55.0,60.0,2026-01-05,2026-01-06,59.0,0.0,59.0,2.0,True
ac0293cb-6fe0-4edb-86f5-631bede39c6b,15,AI-allowed,complete,4.0,30.0,60.0,2026-01-05,2026-01-06,36.0,10.0,45.0,1.0,True
7079f8ee-9243-404b-99c1-1a4072bfd9fb,15,AI-disallowed,complete,4.0,180.0,200.0,2026-01-06,2026-01-09,333.0,7.0,273.0,3.0,True
6fcc5663-489e-4fac-b6e5-3878ee84f951,35,AI-allowed,complete,3.0,30.0,30.0,2026-01-07,2026-01-12,12.0,0.0,12.0,3.0,True
fb953318-45a6-41cb-b49b-9a23e35b178a,26,AI-disallowed,incomplete,4.0,40.0,50.0,2026-01-10,2026-01-10,47.0,,40.0,1.0,True
466241e6-f31f-4e6f-a357-2ac507c311a4,26,AI-disallowed,incomplete,4.0,50.0,60.0,2026-01-10,2026-01-10,,,,,True
d7234e52-33d9-48d2-acbd-1624c6091dbf,26,AI-allowed,complete,1.0,120.0,150.0,2026-01-10,2026-01-11,124.0,0.0,90.0,1.0,True
1f38095f-7179-4290-9a8a-a6d9c534a3c7,26,AI-disallowed,incomplete,3.0,60.0,90.0,2026-01-11,2026-01-11,84.0,,,,True
cb837326-3e9e-46d2-a258-0c9e660c6284,26,AI-disallowed,incomplete,4.0,90.0,60.0,2026-01-11,2026-01-11,116.0,,,1.0,True
c2bb01ec-77c3-40d4-a72a-8ec5f3470b82,15,AI-disallowed,complete,4.0,60.0,180.0,2026-01-11,2026-01-13,126.0,0.0,80.0,2.0,True
80024051-c5ff-46db-9c29-5d08e49939b6,35,AI-allowed,complete,4.0,20.0,25.0,2026-01-12,2026-01-14,20.0,0.0,30.0,3.0,True
fd08fd4c-0590-474d-ac7e-7cb3c8284655,26,AI-disallowed,complete,4.0,80.0,60.0,2026-01-12,2026-01-14,46.0,0.0,60.0,1.0,True
f36c25c4-1ff5-4250-8b30-a567380801ff,26,AI-disallowed,incomplete,4.0,40.0,60.0,2026-01-14,2026-01-14,40.0,,,1.0,True
4fc46a13-7d42-486e-ae42-c558bb1891cf,35,AI-disallowed,incomplete,2.0,40.0,50.0,2026-01-15,2026-01-15,165.0,,,,True
f6a6f23b-98be-43f0-b398-5866e51711c2,35,AI-allowed,complete,3.0,50.0,50.0,2026-01-16,2026-02-02,31.0,0.0,31.0,3.0,True
4b647994-2456-47a5-941a-e219fee25be7,26,AI-allowed,incomplete,3.0,420.0,360.0,2026-01-19,2026-01-30,347.0,,,3.0,True
01a3e4d9-5b75-4b7a-bcb8-7df72e44a746,26,AI-disallowed,complete,3.0,60.0,50.0,2026-01-19,2026-01-26,67.0,0.0,50.0,1.0,True
d98d22fb-4f44-4951-9cae-af242fbc77f2,26,AI-disallowed,complete,3.0,50.0,70.0,2026-01-20,2026-01-28,63.0,10.0,60.0,1.0,True
e5707708-cc24-4f45-88a1-a312a7cb6ccc,26,AI-disallowed,incomplete,4.0,420.0,360.0,2026-01-24,2026-02-06,802.0,,,5.0,True
614bd762-bd69-4fc8-a819-ce64a3354a01,26,AI-allowed,complete,5.0,50.0,70.0,2026-01-24,2026-01-26,45.0,0.0,60.0,1.0,True
c2ea550c-4baf-4e71-b86d-e697ec2c4c3b,26,AI-allowed,complete,5.0,60.0,70.0,2026-01-24,2026-01-28,26.0,0.0,60.0,1.0,True
1959cf65-c374-4836-b75a-09a187403ca1,26,AI-allowed,complete,1.0,90.0,120.0,2026-01-25,2026-01-26,93.0,60.0,120.0,1.0,True
d1a43f7d-9a24-4e71-8c68-0fb1c78df75a,26,AI-disallowed,incomplete,1.0,90.0,150.0,2026-01-25,2026-01-25,126.0,,,2.0,True
46a240aa-5b65-4c81-8219-4b2627ef9698,26,AI-allowed,incomplete,5.0,60.0,90.0,2026-01-26,2026-01-27,144.0,,,2.0,True
80280d0a-052f-4545-bf27-9dc095446990,26,AI-disallowed,incomplete,3.0,90.0,150.0,2026-01-27,2026-01-28,325.0,,,2.0,True
b12fadf9-21d2-4caf-a96b-d507c3f1071b,26,AI-disallowed,incomplete,4.0,60.0,90.0,2026-02-02,2026-02-02,123.0,,,1.0,True
72ccf53d-8081-44f7-90d4-88cd31085226,35,AI-disallowed,complete,4.0,30.0,40.0,2026-02-06,2026-02-12,91.0,0.0,91.0,3.0,True
51265b62-4bbd-4a5f-994a-47cc5a8aaf0d,26,AI-disallowed,incomplete,1.0,90.0,120.0,2026-02-07,2026-02-07,,,,,True
d2d2251d-7627-441f-84f0-7e85e79cea07,26,AI-disallowed,incomplete,3.0,90.0,120.0,2026-02-07,2026-02-21,107.0,,,1.0,True
c79a0030-c84f-441a-839d-429fe0fbc8bd,26,AI-disallowed,incomplete,1.0,90.0,120.0,2026-02-07,2026-02-22,173.0,,,1.0,True
b3b99c31-35e0-4066-8007-1240d75c5439,26,AI-disallowed,incomplete,1.0,120.0,180.0,2026-02-07,2026-02-19,805.0,,450.0,5.0,True
510d52d9-017b-4587-bb79-d86b9a01488f,26,AI-disallowed,incomplete,1.0,120.0,180.0,2026-02-07,2026-02-07,,,,,True
d464c7c2-58af-4ff9-aa59-b7cc89e2b97d,35,AI-disallowed,incomplete,3.0,50.0,70.0,2026-02-12,2026-02-12,,,,,True
1229a203-2652-4529-809a-9de4370edcf3,17,AI-disallowed,complete,5.0,15.0,15.0,2025-09-24,2025-09-24,3.0,0.0,3.0,1.0,False
c1980ef8-442a-47fe-aa5b-36cba56b410d,17,AI-allowed,complete,5.0,5.0,10.0,2025-09-24,2025-09-24,8.0,0.0,8.0,2.0,False
0e066ed2-d2ca-4f0a-a510-6107978d9477,17,AI-disallowed,complete,2.0,30.0,30.0,2025-09-24,2025-09-24,45.0,0.0,45.0,3.0,False
3a448cbd-bfaa-4947-81fa-500fe3cead21,17,AI-disallowed,complete,3.0,60.0,40.0,2025-09-25,2025-09-25,45.0,0.0,60.0,3.0,False
85316ade-1311-4eee-b4a7-27d28ce299eb,17,AI-allowed,complete,5.0,5.0,5.0,2025-09-25,2025-09-25,5.0,0.0,5.0,1.0,False
bd89cd84-c6f8-41e7-9994-56cd6b9b28be,24,AI-allowed,ditched,3.0,200.0,150.0,2025-09-25,2025-09-25,200.0,200.0,200.0,2.0,False
9dc6b123-ab20-455e-96da-708a3eebf64b,27,AI-allowed,complete,3.0,90.0,120.0,2025-09-26,2025-09-30,114.0,0.0,130.0,3.0,False
041bc1f4-d311-499e-b445-73b066849e4e,27,AI-allowed,complete,3.0,60.0,60.0,2025-09-26,2025-09-29,20.0,0.0,60.0,1.0,False
6d0cabeb-cfc2-4441-a0ee-1a2a97ccb3fc,24,AI-disallowed,complete,4.0,160.0,180.0,2025-09-28,2025-09-28,210.0,0.0,210.0,2.0,False
9aebc98c-2964-4cc1-af53-26817aa4c5ff,27,AI-disallowed,incomplete,3.0,45.0,75.0,2025-09-29,2025-09-29,,,,,False
3c306dcd-96eb-4550-b36d-d9100f89ec83,27,AI-disallowed,complete,3.0,60.0,75.0,2025-09-29,2025-10-05,80.0,12.0,50.0,3.0,False
7898fc56-82a1-4638-82fe-2ea55d725ec1,41,AI-disallowed,complete,1.0,60.0,120.0,2025-09-30,2026-02-21,330.0,0.0,120.0,3.0,False
395461bd-7105-4be3-a21a-a246692257fe,27,AI-disallowed,incomplete,3.0,45.0,90.0,2025-09-30,2025-09-30,,,,,False
6148353a-fc65-4f15-b403-5e87adf72fdb,17,AI-allowed,ditched,1.0,60.0,60.0,2025-09-30,2026-01-26,,,,,False
f0990624-51bb-49fd-afae-a03c985cdd68,17,AI-allowed,complete,2.0,180.0,300.0,2025-10-01,2025-10-19,455.0,0.0,455.0,4.0,False
9a11bb4e-46d3-4de6-bd9e-e4f133987836,17,AI-disallowed,complete,2.0,45.0,30.0,2025-10-01,2025-10-01,25.0,0.0,25.0,2.0,False
0dc40f85-d478-4992-a35e-1656b78fa3e1,41,AI-allowed,complete,1.0,30.0,60.0,2025-10-03,2025-10-03,60.0,40.0,120.0,2.0,False
330cad1e-350d-4761-b64e-0ab2f60d8982,24,AI-allowed,complete,2.0,480.0,600.0,2025-10-04,2025-10-07,610.0,0.0,640.0,3.0,False
37aaaa0d-a75a-4231-bcf3-c9a5ea6cfcc4,53,AI-disallowed,complete,2.0,360.0,360.0,2025-10-06,2026-01-28,144.0,0.0,144.0,5.0,False
f96ede7e-7dd0-499a-ba9b-77169aa712db,43,AI-disallowed,incomplete,4.0,30.0,30.0,2025-10-06,2025-10-14,60.0,,60.0,1.0,False
9678d445-7082-4fa2-875a-a4e1868bfac3,40,AI-disallowed,complete,2.0,200.0,400.0,2025-10-07,2025-10-17,300.0,150.0,400.0,3.0,False
688ae8b9-b45d-47fc-a9dd-b1fa3f723afc,24,AI-disallowed,complete,4.0,600.0,720.0,2025-10-08,2025-10-18,575.0,0.0,575.0,4.0,False
e85f78f1-2350-4972-88c4-c642682c1ba6,23,AI-allowed,complete,3.0,60.0,90.0,2025-10-10,2025-10-17,182.0,0.0,170.0,3.0,False
f085f718-7592-4490-8038-e5fab4ad0051,17,AI-disallowed,complete,2.0,300.0,360.0,2025-10-11,2025-10-19,477.0,0.0,477.0,4.0,False
0eefe3ad-c899-49a1-8d1c-b7f2e4ac10bd,24,AI-allowed,complete,4.0,360.0,360.0,2025-10-13,2025-10-18,950.0,0.0,760.0,5.0,False
9497862f-105f-4344-be94-ff9553cd7f7c,17,AI-allowed,complete,2.0,180.0,300.0,2025-10-13,2025-10-19,166.0,0.0,300.0,4.0,False
750524fa-c505-4b2d-9c98-66a8a69cace9,43,AI-allowed,complete,2.0,60.0,90.0,2025-10-14,2025-10-18,60.0,90.0,120.0,2.0,False
440ea448-0dbd-4c8c-a683-ebcc6c40edf8,40,AI-disallowed,complete,2.0,200.0,300.0,2025-10-16,2025-11-10,240.0,30.0,200.0,3.0,False
8db67c0e-2e68-4afb-a994-9178fb96dcb0,17,AI-disallowed,complete,3.0,120.0,120.0,2025-10-16,2025-11-01,180.0,0.0,180.0,4.0,False
cb7851f3-2ccc-48a2-8451-157b0b0b0d28,4,AI-allowed,complete,5.0,90.0,60.0,2025-10-17,2025-10-17,105.0,0.0,120.0,4.0,False
3b8b32de-c64e-40d6-a1b5-73547c93dede,23,AI-allowed,ditched,2.0,180.0,180.0,2025-10-17,2025-10-28,,,,,False
effd3d3c-7faa-46e2-87b4-ab806f44701d,17,AI-allowed,complete,1.0,60.0,60.0,2025-10-17,2025-10-19,43.0,0.0,43.0,3.0,False
20e802e2-a32d-448e-a068-8322d6cfd1db,36,AI-allowed,complete,2.0,30.0,60.0,2025-10-17,2025-10-17,46.0,0.0,90.0,2.0,False
f1e0e5e3-9d30-49bd-88ef-4473e40714df,17,AI-disallowed,complete,1.0,5.0,4.0,2025-10-17,2025-10-19,120.0,0.0,120.0,2.0,False
a3d8d58b-ba90-4e30-b30a-dc9c82b317b3,8,AI-allowed,complete,1.0,45.0,60.0,2025-10-18,2025-11-25,460.0,30.0,580.0,4.0,False
9bf6c2db-7825-4363-bd1e-9b729073f8eb,2,AI-disallowed,complete,3.0,480.0,600.0,2025-10-18,2025-10-21,885.0,90.0,240.0,4.0,False
fa09cf8b-8574-4cc4-9bff-339314ca8491,46,AI-disallowed,incomplete,2.0,45.0,60.0,2025-10-19,2025-10-19,,,,,False
2532314b-b657-46b6-a046-75ab83fefa79,24,AI-allowed,complete,4.0,240.0,270.0,2025-10-19,2025-10-20,540.0,0.0,630.0,4.0,False
eb8bca4e-2d3e-42df-b402-88a04c816aa9,17,AI-allowed,complete,2.0,120.0,120.0,2025-10-19,2025-10-22,173.0,0.0,173.0,4.0,False
978ead5f-ddd4-4a06-bcfb-b06e46a9b590,4,AI-allowed,complete,5.0,30.0,30.0,2025-10-20,2025-10-20,40.0,0.0,50.0,1.0,False
5a5b036a-9dac-44f2-82a3-9d8c0cd36525,28,AI-disallowed,complete,2.0,70.0,120.0,2025-10-20,2025-11-03,121.0,175.0,250.0,3.0,False
85d31d79-9e28-449a-a2a9-b5283742927b,4,AI-disallowed,complete,5.0,30.0,30.0,2025-10-21,2025-10-21,15.0,0.0,15.0,1.0,False
bacb8899-edc5-4edf-92f5-8547cff01df9,7,AI-allowed,complete,2.0,200.0,180.0,2025-10-21,2025-10-25,150.0,0.0,200.0,2.0,False
d192f55b-04c4-4a81-b16a-37678c6d384c,28,AI-disallowed,complete,1.0,50.0,60.0,2025-10-21,2025-11-04,74.0,0.0,80.0,4.0,False
8de0c278-1439-4c7e-b69c-f68ef3264321,30,AI-allowed,complete,3.0,20.0,30.0,2025-10-21,2025-11-11,330.0,45.0,500.0,4.0,False
a58cd4cb-7b7b-43cc-a22a-b654fca70100,4,AI-allowed,complete,5.0,25.0,30.0,2025-10-22,2025-10-22,23.0,0.0,28.0,1.0,False
7475be3a-033f-45ab-8617-307163a5ec05,4,AI-allowed,complete,5.0,10.0,10.0,2025-10-22,2025-10-22,5.0,0.0,5.0,1.0,False
3125541d-3304-4a8b-8f1d-51b85bcc19e0,28,AI-disallowed,incomplete,1.0,240.0,300.0,2025-10-22,2025-11-03,293.0,14.0,240.0,5.0,False
7e0d8c56-b165-4aad-a75f-b7ddb74afed3,30,AI-disallowed,complete,4.0,10.0,10.0,2025-10-22,2025-11-10,45.0,160.0,90.0,2.0,False
61d17270-d9fa-409a-93ae-329b160c13e3,4,AI-allowed,complete,5.0,90.0,90.0,2025-10-23,2025-10-23,85.0,0.0,90.0,3.0,False
a9444be7-37c4-409a-8282-fb20a03fa951,24,AI-disallowed,complete,4.0,900.0,900.0,2025-10-23,2025-10-31,1421.0,0.0,1300.0,5.0,False
6b1d2388-44a4-4e40-92c5-473d2aeb668b,2,AI-allowed,complete,3.0,240.0,600.0,2025-10-23,2025-10-23,330.0,30.0,660.0,3.0,False
08f3d52a-f8d6-4c76-9fed-dea8f27107ca,52,AI-disallowed,complete,3.0,20.0,15.0,2025-10-23,2025-10-23,70.0,0.0,15.0,2.0,False
ca60aa26-0aa7-475a-8ee6-933da1f6e63b,9,AI-allowed,complete,3.0,90.0,120.0,2025-10-23,2025-10-23,130.0,5.0,150.0,2.0,False
1d94065e-d1ee-4d6f-9b74-6e0c583338d5,28,AI-disallowed,incomplete,3.0,30.0,40.0,2025-10-23,2025-10-23,63.0,,50.0,2.0,False
1e139ac9-d097-4a86-a5b3-c9bbb5945264,9,AI-allowed,complete,2.0,80.0,110.0,2025-10-24,2025-11-03,110.0,10.0,90.0,2.0,False
2cc5ef73-aff0-4d79-991c-9f2a1a076115,28,AI-disallowed,incomplete,1.0,160.0,180.0,2025-10-24,2025-10-31,796.0,38.0,,5.0,False
a92033b9-e607-4223-b3b4-f7c44c31457d,2,AI-disallowed,complete,3.0,120.0,180.0,2025-10-25,2025-11-02,360.0,0.0,300.0,4.0,False
1bcc3e19-844e-4695-beda-9cb5554fca8e,9,AI-disallowed,complete,3.0,70.0,90.0,2025-10-25,2025-11-15,125.0,10.0,160.0,2.0,False
873fff8e-9df6-4d73-89d1-7583838c109f,2,AI-disallowed,complete,2.0,360.0,900.0,2025-10-25,2025-11-02,880.0,180.0,400.0,4.0,False
dbcca3e3-ed8e-47bf-ac1b-f83a0def0ad8,2,AI-allowed,complete,3.0,180.0,360.0,2025-10-26,2025-10-27,510.0,90.0,780.0,3.0,False
3199a753-8538-461f-85fb-b1dee25500f1,22,AI-allowed,complete,4.0,30.0,30.0,2025-10-26,2025-10-26,62.0,0.0,62.0,1.0,False
8cfa9965-a7a0-4d4c-bc4c-4c8e1c416102,17,AI-allowed,incomplete,2.0,300.0,300.0,2025-10-26,2025-10-26,,,,,False
b2620ccc-9ad6-4bf5-85b9-30227d511a45,9,AI-disallowed,complete,1.0,120.0,140.0,2025-10-26,2025-10-31,120.0,5.0,140.0,3.0,False
de67d537-09dc-4303-a009-245e6da15bcb,5,AI-allowed,complete,2.0,90.0,120.0,2025-10-26,2025-10-26,80.0,0.0,120.0,2.0,False
87c20a7c-cb93-4df7-816a-3c9ee20eea2a,2,AI-disallowed,complete,3.0,30.0,60.0,2025-10-27,2025-10-28,60.0,20.0,30.0,2.0,False
9d7e9e12-738a-4573-b9b1-3b6a59201f20,30,AI-allowed,incomplete,1.0,200.0,500.0,2025-10-27,2025-10-28,68.0,,,,False
0679608e-2fb2-454e-b097-de3c66f1c912,30,AI-allowed,complete,2.0,120.0,240.0,2025-10-28,2025-11-10,225.0,20.0,280.0,3.0,False
b0ad2f9d-00b2-456a-9c0b-07b1beecd7b7,5,AI-allowed,complete,2.0,80.0,120.0,2025-10-28,2025-10-28,120.0,0.0,150.0,2.0,False
22889ee1-0eec-4213-86bc-f1120606dfe2,23,AI-allowed,incomplete,2.0,30.0,60.0,2025-10-28,2025-10-28,,,,,False
93e8d150-ae8e-41d5-9a6e-e1ad46f5cba6,9,AI-allowed,complete,2.0,130.0,150.0,2025-10-28,2025-12-20,270.0,15.0,320.0,4.0,False
eaeb75d4-8d25-423f-96ed-3b36747c0c95,9,AI-disallowed,ditched,1.0,300.0,360.0,2025-10-28,2026-02-11,,,,,False
16f6b8c7-54eb-4ca7-8f9b-46077f7103d5,2,AI-disallowed,ditched,1.0,240.0,600.0,2025-10-29,2025-10-30,0.0,0.0,0.0,2.0,False
12b31d22-c5d2-42c5-8f1a-ecb1450accc9,2,AI-disallowed,complete,4.0,150.0,360.0,2025-10-29,2025-10-30,270.0,90.0,180.0,3.0,False
5c19dafb-1367-4eca-8426-ac93c70238a8,5,AI-allowed,complete,4.0,90.0,120.0,2025-10-29,2025-10-30,295.0,0.0,330.0,2.0,False
74994f41-84b9-4bf3-a740-ffbb2d168c80,5,AI-disallowed,complete,4.0,60.0,120.0,2025-10-29,2025-10-30,82.0,0.0,60.0,2.0,False
d587fdcd-4a8b-45b1-98b8-5af0f80499c5,9,AI-disallowed,ditched,2.0,240.0,260.0,2025-10-29,2025-12-20,,,,,False
cc6004ea-beac-4811-bc38-b106db3c62b4,5,AI-allowed,complete,4.0,180.0,300.0,2025-10-29,2025-11-03,132.0,0.0,240.0,3.0,False
76dc98ee-b30a-46de-9aad-b324f01b41cb,30,AI-disallowed,complete,1.0,90.0,240.0,2025-10-29,2025-10-29,30.0,0.0,15.0,3.0,False
e279b947-792e-45ac-b53b-c0aeebf19190,5,AI-allowed,complete,4.0,150.0,220.0,2025-10-29,2025-11-03,193.0,0.0,300.0,3.0,False
140e5a6b-74d9-467b-b66f-8985389acd88,8,AI-allowed,ditched,1.0,120.0,150.0,2025-10-29,2025-10-31,,,,,False
9b968b93-e9d3-4f9a-bde2-e98841def209,24,AI-disallowed,complete,4.0,300.0,330.0,2025-10-30,2025-11-12,578.0,0.0,548.0,5.0,False
5b6d7e70-718b-4428-b2d3-731fb26bfc68,28,AI-disallowed,complete,1.0,200.0,240.0,2025-10-30,2025-10-30,410.0,0.0,360.0,4.0,False
11b4fede-4abd-416f-a9be-37a6ea272e6b,2,AI-disallowed,ditched,3.0,120.0,300.0,2025-10-30,2026-02-22,,,,,False
d1815f72-6b96-48dc-801a-4f42aeb6e96b,36,AI-allowed,complete,3.0,240.0,480.0,2025-10-30,2025-11-02,229.0,0.0,450.0,4.0,False
76195a6c-49dd-4f86-b8d7-0af8ddefee08,22,AI-allowed,complete,4.0,60.0,90.0,2025-10-31,2025-10-31,55.0,11.0,90.0,1.0,False
bb7ab69e-b1a9-4452-8ea7-dc8c19398fc2,28,AI-disallowed,complete,1.0,300.0,360.0,2025-10-31,2025-11-02,456.0,0.0,390.0,4.0,False
e8f2d3df-2dc2-438e-89d1-99e57da517fa,40,AI-allowed,complete,1.0,60.0,60.0,2025-10-31,2025-11-03,60.0,15.0,60.0,1.0,False
141c1421-08c1-4f70-91ce-51a6023020a0,40,AI-allowed,ditched,1.0,60.0,60.0,2025-10-31,2025-10-31,,,,,False
86ad428c-5d8f-4e67-871b-58e729964caf,49,AI-allowed,complete,5.0,180.0,150.0,2025-10-31,2025-11-12,93.0,10.0,103.0,2.0,False
f858eb71-f4fe-4bbe-b6af-4e47ff12c627,2,AI-allowed,complete,3.0,120.0,210.0,2025-10-31,2025-11-01,240.0,70.0,240.0,3.0,False
3479dd32-465f-4e7e-ac20-c9b3938620ce,14,AI-allowed,ditched,1.0,270.0,300.0,2025-10-31,2025-11-03,150.0,,,,False
69f66772-cd9c-4474-a4df-73f574252987,5,AI-allowed,complete,4.0,90.0,200.0,2025-11-01,2025-11-01,152.0,0.0,450.0,3.0,False
8a7b8bb2-a8c9-4679-a588-94d4ea8787da,7,AI-allowed,complete,2.0,100.0,120.0,2025-11-01,2025-11-02,58.0,0.0,65.0,2.0,False
3e4d5a27-63b1-46ee-b636-f1a052004cad,9,AI-disallowed,complete,1.0,210.0,240.0,2025-11-01,2025-11-13,365.0,0.0,380.0,4.0,False
d9fed50b-65a3-4b5e-8f4a-c17cd614995b,16,AI-disallowed,complete,1.0,20.0,30.0,2025-11-02,2025-11-02,20.0,0.0,25.0,1.0,False
a1f42f38-3e68-4a7d-98dd-99a927dfb7bb,5,AI-disallowed,complete,4.0,40.0,90.0,2025-11-02,2025-11-02,66.0,0.0,30.0,1.0,False
d9b376eb-ff6c-4f50-9f29-db36670398e5,5,AI-disallowed,complete,4.0,50.0,95.0,2025-11-02,2025-11-03,57.0,0.0,120.0,2.0,False
b7de386e-2cc6-4613-824a-8eb88b58dbf5,5,AI-disallowed,complete,4.0,45.0,90.0,2025-11-02,2025-11-06,73.0,0.0,55.0,1.0,False
9b84e2cc-dd6e-447f-87f9-449b12fe6f81,5,AI-allowed,complete,4.0,50.0,90.0,2025-11-02,2025-11-02,70.0,0.0,110.0,1.0,False
57780539-4945-4212-9780-f7804f1a114f,28,AI-disallowed,complete,1.0,210.0,240.0,2025-11-02,2025-11-03,237.0,0.0,220.0,4.0,False
656ce47b-c0aa-429e-912f-2c671074886e,5,AI-disallowed,complete,2.0,60.0,90.0,2025-11-03,2025-11-20,87.0,0.0,60.0,2.0,False
f1496fe2-7c56-4b8f-a126-948b0c6a8ea9,22,AI-allowed,complete,3.0,30.0,60.0,2025-11-03,2025-11-03,35.0,0.0,60.0,2.0,False
5d2e243a-07e3-4b4b-b6fd-1783a89791f7,22,AI-disallowed,complete,3.0,30.0,45.0,2025-11-03,2025-11-30,110.0,10.0,30.0,4.0,False
631cf321-d24c-4fe7-9285-8a9f14b0cd93,1,AI-allowed,ditched,3.0,140.0,150.0,2025-11-03,2025-11-05,,,,,False
1da56e41-dc4f-4378-8f34-00e526fe452f,28,AI-allowed,complete,1.0,300.0,360.0,2025-11-03,2025-11-05,340.0,0.0,370.0,4.0,False
fac6bc1f-e465-485c-b9d4-ede7aa6b48a7,43,AI-allowed,ditched,2.0,60.0,90.0,2025-11-04,2025-11-09,,,,,False
0acd3530-c5a4-4590-bb59-d6c735b72a6f,43,AI-allowed,incomplete,1.0,180.0,240.0,2025-11-04,2025-11-04,,,,,False
748798d7-54f2-4526-9c83-675c8a4c8ec5,43,AI-allowed,incomplete,1.0,180.0,240.0,2025-11-04,2025-11-04,,,,,False
cb31d098-f51a-4fd4-8443-0b3927d85664,43,AI-allowed,ditched,4.0,90.0,120.0,2025-11-04,2026-02-23,,,,,False
4b091488-66ec-4df5-a6b3-a0b65b39f163,9,AI-allowed,incomplete,1.0,270.0,300.0,2025-11-04,2026-01-28,,,,,False
7f2246a4-5b0e-4bdd-becf-2bce61d8547d,43,AI-allowed,complete,2.0,120.0,180.0,2025-11-04,2026-01-30,180.0,750.0,540.0,4.0,False
f353c5a5-db5d-4053-a7f1-c359b0b2bb63,43,AI-disallowed,incomplete,4.0,60.0,60.0,2025-11-04,2025-11-04,,,,,False
0169503d-c225-41d0-94de-b1e4b9736b2e,43,AI-disallowed,incomplete,2.0,600.0,720.0,2025-11-04,2025-11-04,,,,,False
4667dd42-a880-49d2-933a-d435af260e0a,43,AI-allowed,incomplete,4.0,150.0,210.0,2025-11-04,2025-11-04,,,,,False
fbd6039a-514c-4034-a311-2e12477c7b16,43,AI-allowed,ditched,2.0,120.0,150.0,2025-11-04,2025-12-23,,,,,False
f7a7f765-12cd-49d1-9ace-d39a97439e8a,9,AI-disallowed,complete,3.0,300.0,300.0,2025-11-04,2025-11-09,125.0,15.0,180.0,3.0,False
e19441e4-b79b-49d0-ab18-15b91397901e,1,AI-allowed,complete,3.0,150.0,160.0,2025-11-05,2025-11-25,227.0,2.0,202.0,4.0,False
9d26c156-e771-45b3-81ae-026a19f7b4f0,28,AI-disallowed,incomplete,1.0,840.0,960.0,2025-11-06,2026-01-19,,,,,False
4bc67bc4-f1fe-4f9a-811b-8c77297fa13b,25,AI-allowed,complete,4.0,25.0,25.0,2025-11-06,2025-11-06,25.0,0.0,25.0,2.0,False
ef293f48-e492-4a21-83f0-52b94add3b2c,44,AI-disallowed,complete,3.0,300.0,360.0,2025-11-06,2026-01-07,192.0,0.0,200.0,2.0,False
1a8046de-dc95-4098-9c72-60fced73bf7e,44,AI-disallowed,complete,1.0,120.0,240.0,2025-11-06,2025-11-08,229.0,50.0,90.0,4.0,False
fb4da46d-3b69-43c8-a6b8-0f914f487145,7,AI-disallowed,complete,3.0,60.0,80.0,2025-11-06,2025-11-08,52.0,0.0,40.0,2.0,False
b8e2d92d-b38b-4055-8bf9-73aea7a21ad3,30,AI-allowed,incomplete,3.0,240.0,500.0,2025-11-06,2025-11-06,,,,,False
7dd9f383-bed5-4b4e-8345-56883db5226b,25,AI-disallowed,complete,4.0,15.0,15.0,2025-11-06,2025-11-06,15.0,0.0,15.0,2.0,False
8faa6965-0bdf-483c-b341-de10779d8259,11,AI-disallowed,complete,3.0,30.0,45.0,2025-11-06,2025-11-25,69.0,0.0,70.0,2.0,False
1b5c6af9-6254-4c3a-957a-5d1ccb5a456d,42,AI-allowed,complete,1.0,1080.0,1200.0,2025-11-06,2025-11-17,580.0,370.0,1000.0,4.0,False
890f1fd9-c994-48d8-ab96-8d562af6833e,24,AI-disallowed,complete,4.0,960.0,960.0,2025-11-07,2025-11-22,1127.0,0.0,1007.0,4.0,False
118b6bbf-ee51-478f-b088-9579d5b34412,25,AI-allowed,complete,4.0,50.0,60.0,2025-11-07,2025-11-07,46.0,0.0,50.0,3.0,False
c5d57d99-d5ce-442a-aab6-bf1098ba60a0,50,AI-disallowed,complete,4.0,45.0,1.0,2025-11-07,2025-11-22,306.0,90.0,206.0,4.0,False
e7c31a8b-6782-4498-bb77-ea448c0dfe40,18,AI-disallowed,complete,5.0,90.0,60.0,2025-11-07,2025-11-08,80.0,0.0,60.0,2.0,False
fc605759-146e-4edc-aa15-7c35ed39e8b0,45,AI-disallowed,complete,2.0,180.0,240.0,2025-11-07,2025-11-12,347.0,91.0,300.0,4.0,False
d4ca1325-9cad-4562-b053-ee85a5e2bbb9,50,AI-disallowed,complete,4.0,10.0,10.0,2025-11-08,2025-11-08,5.0,0.0,5.0,1.0,False
65a3defb-201a-4395-8100-b0a767ddf960,32,AI-allowed,ditched,3.0,25.0,30.0,2025-11-08,2025-11-11,,,,,False
64e7ebe2-927e-4934-a69d-69423f6a21c9,32,AI-allowed,ditched,4.0,30.0,45.0,2025-11-08,2025-11-08,,,,,False
3ab6b923-af06-4e39-adbb-649760245b9a,32,AI-allowed,complete,4.0,45.0,60.0,2025-11-08,2025-11-08,15.0,0.0,15.0,1.0,False
fe6967dc-f51e-4702-b6f6-2f558510b39d,33,AI-allowed,complete,1.0,20.0,30.0,2025-11-08,2025-11-08,43.0,22.0,55.0,1.0,False
34574a75-af78-469f-958d-186a74ba49c0,18,AI-disallowed,complete,5.0,30.0,30.0,2025-11-08,2025-11-11,30.0,60.0,60.0,3.0,False
12db061c-a3d4-48e4-9590-e1c73f0d6a43,18,AI-disallowed,incomplete,5.0,60.0,60.0,2025-11-08,2025-11-08,,,,,False
6e1de219-d77c-4b16-8114-d1e808ec31e7,18,AI-allowed,incomplete,5.0,60.0,60.0,2025-11-08,2025-11-08,,,,,False
2b1106bf-4e57-430b-bc2d-263b82ad9813,18,AI-disallowed,incomplete,4.0,60.0,60.0,2025-11-08,2025-11-08,,,,,False
c0abfdb1-c7e4-465b-880d-19458baa4d93,18,AI-allowed,ditched,3.0,120.0,120.0,2025-11-08,2025-12-14,,,,,False
979582c1-ec80-48b8-85b1-43274966aa7b,18,AI-allowed,complete,5.0,60.0,60.0,2025-11-08,2025-11-09,30.0,60.0,80.0,3.0,False
2a7550b8-e3fb-462a-a98a-123480a88ae9,7,AI-allowed,ditched,3.0,40.0,60.0,2025-11-09,2026-01-22,67.0,31.0,40.0,3.0,False
e49e9d3e-0639-4f5a-a42e-5b4017934f0e,7,AI-allowed,complete,3.0,80.0,120.0,2025-11-09,2025-12-29,77.0,114.0,200.0,3.0,False
dbd43dcf-4cc7-4c4b-822a-612750cdc203,36,AI-allowed,complete,3.0,30.0,60.0,2025-11-09,2025-11-09,50.0,0.0,100.0,2.0,False
d5e6ae00-8f96-42f1-9264-645f711dd820,36,AI-disallowed,complete,2.0,120.0,240.0,2025-11-09,2025-11-11,165.0,0.0,90.0,3.0,False
72427ff3-6cc1-4bbd-99eb-a3c8b8613315,5,AI-disallowed,ditched,4.0,120.0,300.0,2025-11-10,2025-11-30,,,,,False
dfb2bbc1-5564-41d6-a868-5b562a5bff5f,5,AI-disallowed,ditched,4.0,200.0,320.0,2025-11-10,2025-11-20,,,,,False
f6142a90-aefc-4321-8517-4b6d88e83dac,2,AI-disallowed,complete,3.0,210.0,360.0,2025-11-10,2025-11-12,460.0,50.0,400.0,3.0,False
72eab1b8-18df-4c77-914e-8dd90ab5d497,9,AI-disallowed,incomplete,1.0,180.0,210.0,2025-11-10,2025-12-01,,,,,False
e2ba80b4-5a69-4ae1-87bf-840801c33b67,14,AI-allowed,complete,1.0,150.0,150.0,2025-11-10,2025-11-15,50.0,10.0,60.0,2.0,False
a8747abc-9df6-4a2a-8779-d65d3f44f5ec,16,AI-allowed,incomplete,1.0,30.0,40.0,2025-11-10,2025-11-10,,,,,False
7f89846e-e554-4dd9-8718-e321855c0e09,16,AI-allowed,complete,1.0,20.0,30.0,2025-11-10,2025-11-18,110.0,5.0,90.0,4.0,False
9de563e0-e561-4383-a422-6750464eb66d,16,AI-allowed,complete,1.0,15.0,25.0,2025-11-10,2025-11-17,15.0,0.0,25.0,1.0,False
e0c5bd4e-9b0d-43c4-93fd-7f6b95daa9e0,9,AI-allowed,incomplete,1.0,210.0,210.0,2025-11-10,2025-12-01,,,,,False
d58d787c-0e61-4bac-8321-981a62a9a69c,45,AI-allowed,complete,1.0,360.0,420.0,2025-11-11,2025-11-28,158.0,8.0,200.0,3.0,False
ea393e96-4e70-4140-a3f1-7d63d0630713,5,AI-allowed,complete,4.0,70.0,100.0,2025-11-11,2025-11-20,206.0,0.0,300.0,2.0,False
2d85fae7-45c5-42d7-bbbf-2ba037583a3f,32,AI-allowed,complete,5.0,10.0,15.0,2025-11-11,2025-12-12,203.0,15.0,190.0,4.0,False
c205c6cf-3c4b-4664-84fe-bb9c4988a30f,34,AI-disallowed,complete,5.0,120.0,120.0,2025-11-11,2025-11-11,60.0,0.0,0.0,3.0,False
55c158cb-78e6-4af5-8573-fcff74b82fa6,8,AI-allowed,complete,1.0,200.0,300.0,2025-11-11,2025-11-25,40.0,20.0,80.0,2.0,False
5f9b961a-9eed-4523-bcdb-94b8b804a8f6,30,AI-allowed,ditched,1.0,120.0,200.0,2025-11-11,2025-12-09,105.0,,260.0,3.0,False
12c27f8c-c5a5-4815-8408-ab90f6c4636f,34,AI-allowed,complete,4.0,30.0,30.0,2025-11-12,2025-11-12,30.0,0.0,35.0,3.0,False
23c15b4c-2261-418a-846e-ea131e52ac92,33,AI-allowed,complete,1.0,20.0,15.0,2025-11-12,2025-11-12,60.0,0.0,30.0,4.0,False
f35abf7f-ca43-4188-940d-69b5a5b6153a,25,AI-disallowed,complete,4.0,150.0,180.0,2025-11-12,2025-11-12,135.0,0.0,115.0,4.0,False
22594241-2839-4504-bf15-6ed876f0ccda,25,AI-allowed,complete,4.0,50.0,60.0,2025-11-12,2025-11-12,55.0,8.0,65.0,3.0,False
82d2581c-07e9-4995-b3ed-4695ab65acca,55,AI-disallowed,incomplete,4.0,20.0,20.0,2025-11-12,2025-11-17,39.0,10.0,,,False
6a9a9ca7-fec0-444d-8500-cabffca13494,2,AI-disallowed,complete,3.0,180.0,240.0,2025-11-12,2025-11-12,30.0,0.0,30.0,1.0,False
5dc4e815-2530-4abd-bff6-f93739c7db91,2,AI-disallowed,complete,3.0,150.0,240.0,2025-11-12,2025-11-16,330.0,30.0,250.0,3.0,False
9afc3299-ef18-4f7d-8a6a-28ba80c8fffe,5,AI-disallowed,ditched,4.0,140.0,200.0,2025-11-12,2025-11-30,,,,,False
a7fdeb3a-a67a-43f0-8338-83739709c1bb,5,AI-allowed,complete,4.0,150.0,200.0,2025-11-12,2025-11-30,166.0,0.0,220.0,2.0,False
e296f684-ae02-41a2-afcb-9112cbea5a3a,20,AI-allowed,complete,2.0,180.0,144.0,2025-11-12,2025-11-13,60.0,30.0,80.0,2.0,False
f502a0fe-10a4-403f-ae5b-90af47ab2ca7,18,AI-disallowed,incomplete,3.0,60.0,60.0,2025-11-12,2025-11-12,,,,,False
bc4eeb33-2493-4ad4-8fa9-f13bc88d705f,13,AI-disallowed,complete,4.0,2.0,5.0,2025-11-13,2026-02-15,8.0,1.0,1.0,2.0,False
f0800425-d7e6-4eb5-b6c3-dd620c85544e,13,AI-disallowed,complete,4.0,1.0,4.0,2025-11-13,2025-11-13,64.0,5.0,1.0,3.0,False
d837e67a-dc80-4f0d-8da7-f373190290ab,13,AI-allowed,complete,5.0,1.0,5.0,2025-11-13,2025-11-13,3.0,0.0,5.0,1.0,False
e3157de1-10ba-4952-8813-cb9e2cfbcc06,20,AI-allowed,incomplete,1.0,240.0,300.0,2025-11-13,2025-11-13,,,,,False
0be90bd2-10a7-4a7a-a9af-ae21c91de4c4,20,AI-disallowed,incomplete,1.0,300.0,360.0,2025-11-13,2025-11-13,,,,,False
49ce3932-8251-4910-9f24-27dece9bae61,55,AI-allowed,incomplete,3.0,120.0,150.0,2025-11-13,2025-11-13,48.0,,,,False
3ff252e0-3262-4657-bb40-bb7f0b90b2b0,57,AI-allowed,complete,2.0,60.0,30.0,2025-11-13,2025-11-24,133.0,0.0,30.0,2.0,False
695e87b0-455c-43c4-a9f7-28d2986821be,36,AI-disallowed,complete,1.0,30.0,60.0,2025-11-13,2025-11-13,54.0,0.0,20.0,3.0,False
6018d138-abca-4487-ac70-b065ff7ca0e7,44,AI-allowed,complete,3.0,80.0,150.0,2025-11-13,2025-12-17,142.0,54.0,180.0,5.0,False
f6a2593e-393b-4870-a9f2-d09accc4c557,44,AI-allowed,incomplete,3.0,60.0,90.0,2025-11-13,2025-11-14,180.0,,150.0,4.0,False
a534216e-168b-4269-ab26-feb4c10cc256,9,AI-allowed,complete,2.0,260.0,240.0,2025-11-13,2025-11-28,305.0,0.0,240.0,3.0,False
fdc88e05-79df-4d19-9912-87ddaee9d6fb,13,AI-allowed,complete,4.0,55.0,120.0,2025-11-13,2025-11-14,25.0,0.0,70.0,3.0,False
35875b07-1dec-4c54-a67d-d8ab881dca51,13,AI-disallowed,complete,4.0,3.0,10.0,2025-11-14,2026-02-16,30.0,20.0,1.0,4.0,False
139355b5-4a11-41a9-803a-7bd6db1b913a,33,AI-disallowed,complete,3.0,12.0,15.0,2025-11-14,2025-11-14,17.0,0.0,25.0,1.0,False
f8ddb577-f058-421b-be20-7b570883fb6f,25,AI-allowed,complete,1.0,110.0,120.0,2025-11-14,2025-11-14,110.0,0.0,110.0,5.0,False
9225c79c-6ef3-4c69-8066-ea5b088b627e,5,AI-allowed,complete,4.0,100.0,200.0,2025-11-14,2025-11-21,257.0,0.0,400.0,2.0,False
1d6c8d1b-c786-4b18-9a71-52190fc80695,25,AI-disallowed,complete,4.0,55.0,60.0,2025-11-14,2025-11-14,85.0,20.0,95.0,3.0,False
1bb04aef-8892-407c-adad-1443b9902806,56,AI-disallowed,complete,5.0,30.0,30.0,2025-11-14,2025-11-14,9.0,0.0,10.0,1.0,False
057c2776-be70-42c0-a35c-10048b629500,9,AI-disallowed,complete,3.0,150.0,150.0,2025-11-14,2026-02-03,160.0,0.0,210.0,4.0,False
c044f4d0-860f-41da-bb78-840ca0b1b930,36,AI-allowed,complete,4.0,90.0,180.0,2025-11-14,2025-11-20,107.0,0.0,300.0,2.0,False
8914141f-27d9-4219-a9e1-a6c91e27575f,20,AI-disallowed,complete,4.0,120.0,150.0,2025-11-14,2025-11-17,36.0,10.0,30.0,2.0,False
3d9290b4-9c07-482b-bb82-d7ee2aa4687d,20,AI-allowed,complete,3.0,240.0,300.0,2025-11-14,2025-11-27,8.0,0.0,15.0,2.0,False
627f0c77-4e03-47da-b1e1-416cb76f8469,9,AI-allowed,complete,1.0,180.0,200.0,2025-11-14,2025-12-17,180.0,20.0,240.0,4.0,False
290c604c-4038-40e5-8b31-5d28f081ddb8,18,AI-allowed,complete,3.0,60.0,60.0,2025-11-14,2025-11-15,15.0,45.0,45.0,3.0,False
5da79343-d990-4919-bc84-11eaf912bafc,13,AI-disallowed,complete,4.0,30.0,75.0,2025-11-15,2025-12-06,16.0,7.0,14.0,3.0,False
f87a7607-f459-4ef4-bb5f-15a60bf05862,25,AI-allowed,complete,1.0,100.0,120.0,2025-11-15,2025-11-15,85.0,8.0,115.0,4.0,False
3c4b00ee-4999-44be-83ff-c4083e749438,56,AI-disallowed,complete,3.0,180.0,240.0,2025-11-15,2026-01-04,122.0,11.0,75.0,3.0,False
0ccdaa82-b892-45a0-969d-35b81c68a02c,5,AI-allowed,complete,4.0,90.0,120.0,2025-11-15,2025-11-16,130.0,0.0,240.0,2.0,False
e2dd7d41-2140-411c-a566-39d43a3e6c41,56,AI-allowed,complete,2.0,60.0,90.0,2025-11-15,2025-12-26,51.0,20.0,100.0,3.0,False
e8d57f64-d5e6-4436-a0db-718c738750f4,56,AI-disallowed,cheating,4.0,15.0,15.0,2025-11-15,2025-11-15,67.0,7.0,55.0,3.0,False
45555bba-ee41-4aaf-867f-834f6dc528fa,25,AI-disallowed,complete,3.0,15.0,20.0,2025-11-15,2025-11-15,30.0,0.0,20.0,3.0,False
98433b2c-390d-45ad-ba31-24122298ce18,25,AI-disallowed,complete,4.0,15.0,15.0,2025-11-15,2025-11-15,15.0,0.0,15.0,2.0,False
eb372929-ff4a-44af-a8ee-f0cd01c501c5,25,AI-allowed,complete,4.0,180.0,150.0,2025-11-15,2025-11-15,75.0,0.0,120.0,3.0,False
0f4619c9-769c-4241-ad14-fd2d08047247,8,AI-disallowed,complete,1.0,60.0,90.0,2025-11-15,2025-11-25,77.0,0.0,50.0,2.0,False
f842944c-881e-419a-a350-7b88ce182e2a,18,AI-allowed,complete,5.0,20.0,20.0,2025-11-15,2025-11-15,45.0,0.0,45.0,2.0,False
c89afd92-7d48-4509-9c3b-bff95ec36e7c,57,AI-allowed,complete,1.0,60.0,15.0,2025-11-15,2025-11-24,310.0,0.0,160.0,3.0,False
4a5946d8-6d17-41e7-b25e-bc265c88da5d,18,AI-allowed,complete,3.0,120.0,120.0,2025-11-15,2025-12-21,23.0,0.0,60.0,2.0,False
45ebc7ab-22be-4aff-a79b-b4e3d6101fe5,51,AI-allowed,complete,4.0,20.0,30.0,2025-11-16,2025-11-16,30.0,0.0,30.0,1.0,False
25ecc9f8-74a7-48c9-8d0f-754e564f99bb,42,AI-allowed,ditched,2.0,900.0,1020.0,2025-11-16,2026-01-03,378.0,227.0,750.0,4.0,False
ca89e0a1-3e28-4efc-8bec-84712292e7b1,57,AI-allowed,complete,3.0,30.0,20.0,2025-11-16,2025-11-24,231.0,0.0,120.0,3.0,False
2af6e30f-d068-474b-b076-66790e7df9d6,2,AI-allowed,complete,4.0,120.0,300.0,2025-11-16,2025-11-16,330.0,10.0,600.0,4.0,False
1c538fbc-c9aa-4d89-ab38-de7a62c8dbe7,9,AI-allowed,incomplete,1.0,300.0,300.0,2025-11-16,2025-12-03,,,,,False
0b45bd82-0836-4356-815a-df8a99afcd25,4,AI-disallowed,complete,5.0,45.0,45.0,2025-11-16,2025-11-16,45.0,0.0,45.0,2.0,False
30e17961-c39e-4c14-b259-b1e13bf9917e,32,AI-disallowed,complete,4.0,10.0,15.0,2025-11-16,2025-11-16,23.0,1.0,15.0,2.0,False
84689e04-4491-41a8-80ed-393912993fcd,24,AI-allowed,complete,4.0,840.0,840.0,2025-11-16,2025-11-22,964.0,0.0,994.0,3.0,False
b4db5f5d-6514-4072-9b46-de7704d21c2d,25,AI-disallowed,complete,4.0,10.0,10.0,2025-11-16,2025-11-17,22.0,0.0,20.0,3.0,False
4b8d096d-29b9-49e6-ab9b-cc3b81b2fab2,9,AI-disallowed,incomplete,1.0,240.0,240.0,2025-11-16,2025-12-01,,,,,False
38527890-ee6e-4284-831f-99f72730c094,2,AI-disallowed,complete,4.0,360.0,600.0,2025-11-16,2025-11-19,640.0,20.0,360.0,4.0,False
a78fd005-287e-4bdf-be64-e00b6148502b,51,AI-allowed,complete,5.0,15.0,15.0,2025-11-16,2025-11-16,20.0,0.0,20.0,1.0,False
9a2b4ddf-7ca4-4b4f-a6e3-564caeace21c,57,AI-disallowed,complete,2.0,20.0,10.0,2025-11-16,2025-11-24,37.0,0.0,25.0,2.0,False
6b6d72f0-2f0b-49b9-a423-bd7e20f6f0f8,57,AI-allowed,complete,2.0,10.0,10.0,2025-11-16,2025-11-24,39.0,0.0,30.0,2.0,False
8cf80990-2511-4d35-ab4e-9983f46d1ae6,5,AI-allowed,complete,2.0,120.0,300.0,2025-11-17,2025-12-01,236.0,0.0,300.0,3.0,False
dc9c5c80-6d71-4ff5-982c-76ff9ac0fd1a,57,AI-disallowed,ditched,3.0,90.0,120.0,2025-11-17,2025-11-17,,,,,False
26f79285-543e-4e3c-ab82-a758c0d7db02,57,AI-allowed,complete,2.0,30.0,90.0,2025-11-17,2025-11-24,65.0,0.0,90.0,3.0,False
1498a417-9cc0-4cdd-be99-0d7e472dceb6,57,AI-disallowed,complete,2.0,10.0,5.0,2025-11-17,2025-11-24,26.0,0.0,15.0,1.0,False
74cd1052-4cd8-4377-97cb-ac1ed9006baf,57,AI-allowed,complete,3.0,30.0,20.0,2025-11-17,2025-11-24,278.0,0.0,200.0,4.0,False
0eb239e7-4456-4f78-8ceb-9674eb6c6564,25,AI-allowed,complete,4.0,100.0,120.0,2025-11-17,2025-11-17,65.0,0.0,85.0,3.0,False
3663e718-4f3b-4a96-9fdd-765c05b69670,56,AI-disallowed,complete,3.0,40.0,45.0,2025-11-17,2025-11-17,87.0,9.0,60.0,2.0,False
24996df0-d910-4ba9-9d70-5c43fe336b2b,20,AI-allowed,incomplete,3.0,240.0,300.0,2025-11-17,2025-11-17,,,,,False
ca3ac6d0-3c79-491c-85f7-4e51784f2c72,25,AI-disallowed,complete,4.0,50.0,60.0,2025-11-17,2025-11-18,110.0,31.0,110.0,5.0,False
80f8ce88-11c4-42d5-aec6-da108d17502a,25,AI-allowed,complete,3.0,120.0,160.0,2025-11-17,2025-11-18,180.0,0.0,200.0,5.0,False
3b9f9047-caf3-4d0d-8f76-3bafdd06b6ff,25,AI-disallowed,complete,3.0,180.0,220.0,2025-11-17,2025-11-19,220.0,0.0,170.0,4.0,False
9cd92bfd-2ad2-45b5-bc3a-9927a063b802,50,AI-disallowed,complete,1.0,320.0,360.0,2025-11-17,2025-11-28,508.0,60.0,420.0,4.0,False
11abb852-c35f-4edf-81bc-c45816ae0de7,55,AI-allowed,incomplete,4.0,10.0,15.0,2025-11-17,2025-11-17,12.0,,,,False
ece1a603-b18a-4447-941e-699b77463ef9,55,AI-allowed,incomplete,4.0,10.0,15.0,2025-11-17,2025-11-17,36.0,,,,False
4b434591-d156-484d-916a-0c1c9f24d02e,55,AI-disallowed,incomplete,4.0,10.0,15.0,2025-11-17,2025-11-17,10.0,,,,False
1d233df9-3ae5-4f94-9c0e-1b0c993b1a46,55,AI-disallowed,incomplete,4.0,10.0,15.0,2025-11-17,2025-11-17,8.0,,,,False
ec6de1d0-2107-4a94-ac33-0546854c677d,10,AI-allowed,complete,4.0,2.0,5.0,2025-11-18,2025-11-27,7.0,28.0,35.0,1.0,False
3f72cc36-7f8d-4a03-9c29-e4d2337c4fa9,53,AI-allowed,complete,4.0,90.0,90.0,2025-11-18,2025-11-20,120.0,0.0,120.0,2.0,False
26c40d8f-5d59-40f7-a750-ff6730ea537e,49,AI-allowed,complete,5.0,120.0,120.0,2025-11-18,2026-01-01,260.0,60.0,320.0,2.0,False
57d6c0e3-3989-4bb9-8306-e485fbbd3370,57,AI-allowed,complete,1.0,60.0,120.0,2025-11-18,2025-11-24,581.0,0.0,300.0,4.0,False
1280d70b-14f0-4781-bcdd-1273e2de25fb,20,AI-disallowed,complete,3.0,120.0,180.0,2025-11-18,2025-11-24,32.0,10.0,20.0,2.0,False
4d42d004-27d8-4193-ae73-88c559c03b40,25,AI-disallowed,complete,4.0,60.0,90.0,2025-11-18,2025-11-18,60.0,0.0,50.0,3.0,False
4e2d2afb-ed68-45c9-8a9a-c9728dbf1567,32,AI-allowed,complete,4.0,3.0,5.0,2025-11-18,2025-11-18,23.0,0.0,20.0,2.0,False
fa72bce1-97c5-4e95-bf45-2e34163d5dc8,32,AI-disallowed,complete,5.0,15.0,18.0,2025-11-18,2026-01-05,60.0,0.0,50.0,4.0,False
b4c46170-c0ae-4c27-9f16-beb57e878c10,52,AI-allowed,incomplete,2.0,180.0,300.0,2025-11-19,2025-11-19,,,,,False
df159bda-46cc-4d03-98c0-e570dc15c012,20,AI-disallowed,incomplete,4.0,180.0,240.0,2025-11-19,2025-11-19,,,,,False
9c00d008-4c4c-4013-94f7-5829c7fc9b89,20,AI-disallowed,complete,4.0,120.0,180.0,2025-11-19,2025-11-19,30.0,0.0,20.0,2.0,False
d24b95f9-24cc-404a-a07a-d8e7e2e8c3d3,2,AI-allowed,complete,4.0,150.0,240.0,2025-11-19,2025-11-20,185.0,25.0,300.0,3.0,False
4f5d27b9-825e-4861-8e4e-e1b8c7a90899,51,AI-allowed,complete,1.0,120.0,240.0,2025-11-19,2025-11-21,162.0,0.0,140.0,4.0,False
6427a326-17ee-4eec-9f27-78c073a7871d,25,AI-disallowed,complete,4.0,20.0,20.0,2025-11-19,2025-11-21,28.0,7.0,35.0,3.0,False
9b1168c7-bcc6-4a32-87b4-6692b02ff0e6,49,AI-disallowed,complete,5.0,60.0,60.0,2025-11-20,2025-12-12,199.0,42.0,199.0,2.0,False
dd99fef4-a26c-4be7-8d00-c953a70b33da,17,AI-allowed,complete,3.0,60.0,60.0,2025-11-20,2025-11-26,16.0,0.0,16.0,2.0,False
f392584d-7d59-4714-a09d-b516d95cb8dd,25,AI-allowed,complete,4.0,40.0,40.0,2025-11-20,2025-11-20,44.0,0.0,44.0,3.0,False
1d4fd87a-9d75-48c6-9c29-4ed8148663f1,17,AI-allowed,complete,1.0,180.0,180.0,2025-11-20,2025-11-26,317.0,0.0,317.0,4.0,False
3db34ad9-7b06-48ea-9cda-5e37d31ed8a4,25,AI-disallowed,complete,4.0,40.0,60.0,2025-11-20,2025-11-21,215.0,0.0,180.0,5.0,False
0894979d-fee4-463d-92da-b3adc52fb127,36,AI-allowed,complete,2.0,120.0,240.0,2025-11-20,2025-11-23,185.0,0.0,480.0,4.0,False
2ed4287b-8655-454a-9d3b-a5e9320662d9,2,AI-allowed,complete,2.0,240.0,500.0,2025-11-20,2025-11-24,1080.0,120.0,2100.0,5.0,False
d6d48ecb-6eba-4131-b811-93a51a53dc3b,44,AI-allowed,complete,3.0,200.0,300.0,2025-11-21,2025-11-25,216.0,26.0,250.0,2.0,False
fe18da16-d6b0-4e97-bd0b-d8a8afb3e275,20,AI-disallowed,complete,3.0,240.0,360.0,2025-11-21,2025-12-01,140.0,30.0,100.0,3.0,False
860cb54f-f128-43b3-84ec-c09657831966,33,AI-allowed,complete,1.0,20.0,30.0,2025-11-21,2025-11-21,21.0,0.0,40.0,2.0,False
e5c00e7d-5fda-459f-a311-1e20f6bd9545,25,AI-disallowed,complete,4.0,60.0,90.0,2025-11-21,2025-11-22,117.0,0.0,100.0,5.0,False
6f3e5ec9-ad65-4927-8bc0-6a768b4c5c78,25,AI-disallowed,complete,3.0,90.0,120.0,2025-11-21,2025-11-21,125.0,0.0,110.0,4.0,False
72b3889c-2e60-4f9f-85f9-6bdaed334327,21,AI-disallowed,complete,4.0,30.0,60.0,2025-11-21,2025-11-22,10.0,0.0,15.0,1.0,False
d7c0f11f-4aba-4cee-acd2-e62f6c244102,48,AI-allowed,incomplete,4.0,60.0,60.0,2025-11-21,2025-11-21,,,,,False
e207f6c9-372f-4e4c-965a-460857356051,21,AI-allowed,complete,4.0,15.0,30.0,2025-11-21,2025-11-22,30.0,3.0,20.0,2.0,False
483b1104-6ce3-4518-a687-ba7e7e9adfdd,7,AI-allowed,incomplete,2.0,120.0,180.0,2025-11-21,2025-11-23,186.0,,180.0,3.0,False
6f4b4a27-54be-424d-bb03-3996fddf3251,42,AI-allowed,complete,3.0,200.0,350.0,2025-11-21,2025-11-29,334.0,102.0,500.0,3.0,False
e39c9ab6-12e2-44f8-b11e-4660518901ae,25,AI-allowed,complete,1.0,800.0,900.0,2025-11-22,2026-01-31,465.0,0.0,700.0,4.0,False
5ba158a3-bdb6-4b42-bbd1-a502a7afb33f,25,AI-disallowed,complete,1.0,180.0,220.0,2025-11-22,2025-12-01,183.0,0.0,160.0,5.0,False
2b00501e-997f-4508-aa1b-3d0388026a2d,44,AI-allowed,complete,5.0,30.0,60.0,2025-11-22,2025-12-17,54.0,63.0,35.0,3.0,False
e7857032-9143-4fac-97f5-f172b55d2403,44,AI-allowed,incomplete,3.0,150.0,180.0,2025-11-22,2026-01-07,51.0,,,3.0,False
dcc4a248-37ab-4290-b2ad-0f9033a1024f,18,AI-allowed,complete,3.0,60.0,120.0,2025-11-22,2025-12-11,150.0,100.0,1000.0,4.0,False
87441ca3-0c0e-4c84-850a-82928b156e01,21,AI-allowed,complete,4.0,15.0,15.0,2025-11-22,2025-11-23,5.0,0.0,5.0,1.0,False
c0399f45-3086-4d29-886f-dd0a18a063fb,57,AI-allowed,complete,2.0,20.0,10.0,2025-11-22,2025-11-24,29.0,0.0,35.0,2.0,False
2274bd9a-59c0-4658-bcff-7ca48e9e41b4,24,AI-disallowed,complete,4.0,1140.0,1200.0,2025-11-22,2025-11-26,1227.0,0.0,1104.0,4.0,False
db88556e-6611-41cf-9792-62ef062a1631,1,AI-allowed,complete,5.0,30.0,30.0,2025-11-22,2025-11-22,11.0,0.0,10.0,1.0,False
4b8eb474-da6e-4077-955c-5764e66863a7,24,AI-disallowed,complete,3.0,960.0,1080.0,2025-11-22,2025-11-29,975.0,0.0,945.0,3.0,False
70bb8ed3-f079-466f-ae35-f7b367c98ae3,5,AI-allowed,complete,4.0,45.0,80.0,2025-11-23,2025-11-23,99.0,0.0,130.0,2.0,False
ab5851b4-32f6-42fe-b677-540b0f212e6f,5,AI-allowed,complete,4.0,60.0,80.0,2025-11-23,2025-11-24,130.0,0.0,200.0,2.0,False
bfd1f71d-3c80-4250-a3b7-a3218ad0f334,25,AI-allowed,complete,1.0,240.0,300.0,2025-11-23,2025-11-23,181.0,0.0,260.0,4.0,False
6bc2ed13-a681-4528-9bba-4cc70a8f9bb5,57,AI-disallowed,complete,1.0,30.0,15.0,2025-11-23,2025-11-25,21.0,0.0,40.0,1.0,False
c4a85fa1-125d-4cf9-b79f-9fbd23e0c1be,32,AI-allowed,incomplete,3.0,10.0,10.0,2025-11-23,2025-11-23,,,,,False
bd3ba030-b814-4458-8b5d-8faa63284283,32,AI-disallowed,complete,3.0,15.0,20.0,2025-11-23,2025-11-23,22.0,10.0,20.0,2.0,False
c48a14db-3c2a-4996-827e-893fa416437e,57,AI-allowed,complete,1.0,20.0,10.0,2025-11-23,2025-11-24,9.0,0.0,5.0,1.0,False
48366034-7663-4af8-b4e6-0b99871a7f12,57,AI-disallowed,complete,1.0,40.0,30.0,2025-11-23,2025-11-24,12.0,0.0,20.0,1.0,False
80f1fb1b-d731-4971-8312-f590fe2de5ed,57,AI-disallowed,complete,2.0,60.0,40.0,2025-11-23,2025-11-25,68.0,4.0,80.0,2.0,False
25927f2c-fced-4d58-ae77-ff956df1f269,25,AI-allowed,complete,4.0,15.0,20.0,2025-11-23,2025-11-23,31.0,0.0,35.0,3.0,False
8130e8d1-79b9-48ef-a344-44fe47ba7984,25,AI-allowed,complete,4.0,30.0,45.0,2025-11-23,2025-11-23,55.0,0.0,65.0,3.0,False
30bd1593-ee7e-44b7-8bcf-16992833e0cf,57,AI-allowed,complete,1.0,20.0,10.0,2025-11-23,2025-11-25,35.0,0.0,15.0,2.0,False
ef3ebc8e-99ad-49ea-9edb-073895f31c66,57,AI-allowed,complete,1.0,20.0,20.0,2025-11-23,2025-11-25,21.0,0.0,30.0,2.0,False
c95e460e-f786-49f6-9b21-a35bfecba736,57,AI-disallowed,complete,1.0,40.0,30.0,2025-11-23,2025-11-29,215.0,0.0,160.0,3.0,False
00966f50-0f52-4f45-84ed-fbd6dfa7a19b,57,AI-allowed,complete,1.0,20.0,10.0,2025-11-23,2025-11-25,24.0,0.0,30.0,2.0,False
de58b6b3-e75e-4b03-8a24-c9b192413a81,57,AI-allowed,complete,1.0,40.0,30.0,2025-11-23,2025-11-30,64.0,0.0,30.0,2.0,False
8a2c4a55-66f6-4f9c-88f1-38b48d83320b,57,AI-allowed,incomplete,1.0,60.0,90.0,2025-11-23,2025-11-23,,,,,False
c3ddf2a5-010c-484a-a2de-19d14debe117,57,AI-allowed,complete,1.0,20.0,10.0,2025-11-23,2025-11-25,8.0,0.0,15.0,1.0,False
c365856f-c38b-4b98-901c-e98fa8cee118,57,AI-disallowed,complete,1.0,90.0,60.0,2025-11-23,2026-02-10,138.0,0.0,100.0,3.0,False
78bd8cc7-d831-474d-a0f9-1d908958686a,57,AI-allowed,complete,1.0,10.0,10.0,2025-11-23,2025-11-24,8.0,0.0,5.0,1.0,False
9266bd10-958e-47d1-afc6-cbf2ff01adce,57,AI-allowed,complete,1.0,60.0,60.0,2025-11-23,2025-11-24,136.0,0.0,200.0,3.0,False
39f19595-6f47-430e-a236-711c6f25d0eb,1,AI-allowed,complete,3.0,200.0,180.0,2025-11-24,2025-12-06,422.0,47.0,420.0,4.0,False
7e616114-df5c-4b34-b0e7-0d4f95f64bf5,25,AI-disallowed,complete,4.0,15.0,20.0,2025-11-24,2025-11-24,18.0,0.0,15.0,2.0,False
d48fc118-2310-425e-96e8-7ca730682668,25,AI-allowed,complete,4.0,80.0,100.0,2025-11-24,2025-11-24,160.0,0.0,190.0,4.0,False
3702cf2f-3f82-46a8-846e-e026f56cf4a3,2,AI-allowed,complete,3.0,180.0,500.0,2025-11-24,2025-11-30,420.0,60.0,1440.0,4.0,False
0e4f087e-3991-4261-9458-02914a4dd6a8,36,AI-allowed,complete,4.0,15.0,20.0,2025-11-24,2025-11-24,30.0,0.0,50.0,3.0,False
ec92473c-948f-43fe-b4b1-fee97f877f31,9,AI-disallowed,incomplete,1.0,300.0,300.0,2025-11-24,2025-12-02,,,,,False
31c75816-c2af-420e-b920-b8a5438c5ca5,25,AI-disallowed,complete,4.0,35.0,50.0,2025-11-24,2025-11-24,52.0,0.0,35.0,3.0,False
429abc76-2a1f-47fb-8067-30e94aeaf76e,5,AI-allowed,complete,2.0,90.0,140.0,2025-11-24,2025-11-30,290.0,0.0,360.0,2.0,False
6f1b01cc-be7f-4b25-9027-a2d9e4f2bfa8,42,AI-disallowed,complete,1.0,480.0,720.0,2025-11-24,2025-12-31,800.0,180.0,750.0,4.0,False
d4a0b074-a34f-41e8-a445-6957f67b1a02,57,AI-allowed,complete,1.0,20.0,10.0,2025-11-25,2025-11-30,90.0,0.0,45.0,2.0,False
53d432f4-1f25-4f40-a9f4-95455abbb947,57,AI-allowed,complete,1.0,25.0,15.0,2025-11-25,2025-11-28,51.0,0.0,35.0,1.0,False
6d80cf44-caa3-48ba-9d1b-035af2c9c326,20,AI-disallowed,complete,3.0,120.0,150.0,2025-11-25,2025-11-25,12.0,0.0,10.0,1.0,False
62f06368-e7da-4c0e-bd45-b2dd63828619,1,AI-allowed,complete,5.0,30.0,30.0,2025-11-25,2025-12-03,426.0,5.0,441.0,3.0,False
5f135a0d-3dc0-4bcb-ba74-6d5802cbd0b9,25,AI-allowed,complete,4.0,150.0,180.0,2025-11-25,2025-11-29,105.0,0.0,125.0,3.0,False
db51540b-651e-45f5-8b0c-dbbe0f2985be,25,AI-allowed,complete,4.0,150.0,180.0,2025-11-25,2025-11-25,130.0,0.0,170.0,3.0,False
2d898c43-3ea2-434f-a5c6-781ee681216a,4,AI-disallowed,complete,5.0,25.0,10.0,2025-11-25,2025-11-25,7.0,0.0,10.0,1.0,False
cfec494b-22c6-4eac-a0d5-24839cf4030f,57,AI-disallowed,complete,1.0,240.0,120.0,2025-11-25,2025-11-26,120.0,0.0,180.0,3.0,False
761ca693-e096-42ab-934c-680f15c31759,2,AI-disallowed,complete,1.0,180.0,540.0,2025-11-25,2025-11-29,190.0,10.0,150.0,2.0,False
2a40fa02-ea89-4b10-967b-372e3c07a147,20,AI-allowed,incomplete,2.0,240.0,300.0,2025-11-25,2025-11-25,,,,,False
04ef7728-ac43-4db3-8d61-f62f03d46fd7,20,AI-disallowed,complete,4.0,60.0,100.0,2025-11-25,2025-11-26,23.0,0.0,20.0,3.0,False
05845019-d9c9-4f31-b41a-ef4ab49e7dd2,11,AI-disallowed,incomplete,1.0,300.0,300.0,2025-11-25,2025-11-25,,,,,False
e818f306-c434-4fea-89e0-f1ad4202e2e6,24,AI-allowed,incomplete,4.0,540.0,600.0,2025-11-26,2025-11-26,,,,,False
0006fd88-543d-402c-89dd-02ef7bddafc4,57,AI-disallowed,complete,1.0,120.0,180.0,2025-11-26,2025-11-29,435.0,0.0,280.0,4.0,False
73592621-4e24-4c58-8916-04ac465bb021,5,AI-allowed,complete,1.0,200.0,300.0,2025-11-26,2025-11-27,175.0,0.0,300.0,3.0,False
7fb6ff7f-0be1-4d4a-bcc1-d84e7262e0e5,36,AI-allowed,complete,1.0,60.0,120.0,2025-11-26,2025-11-26,43.0,0.0,60.0,2.0,False
0f1cd0c5-ab16-4276-8b02-bd821c58a0a1,17,AI-disallowed,complete,3.0,30.0,30.0,2025-11-26,2025-11-27,90.0,0.0,90.0,3.0,False
b0aa49e4-105b-40ec-883f-ff4e6ea7eff6,5,AI-disallowed,complete,1.0,70.0,100.0,2025-11-27,2025-11-30,103.0,0.0,50.0,1.0,False
9dc39077-f70e-4ffa-b9f5-72cb1bd29ff2,5,AI-allowed,complete,1.0,60.0,120.0,2025-11-27,2025-11-28,97.0,0.0,160.0,2.0,False
0a1a42dc-7de0-4bcc-a299-877333b42fa2,5,AI-disallowed,complete,2.0,60.0,100.0,2025-11-27,2025-11-27,157.0,0.0,100.0,2.0,False
ef736235-6bef-42d3-bee0-8c3e8557c420,2,AI-allowed,complete,4.0,120.0,200.0,2025-11-27,2025-11-28,200.0,30.0,200.0,2.0,False
b582b6e2-2b3b-4f8c-97ef-ccdf9e789000,9,AI-allowed,complete,1.0,210.0,240.0,2025-11-27,2025-11-29,215.0,0.0,240.0,4.0,False
d7738159-75f5-4b50-bda1-6827cb8013d0,50,AI-disallowed,complete,4.0,50.0,65.0,2025-11-27,2025-11-27,34.0,0.0,20.0,2.0,False
50291f07-2e3e-4313-9509-7fda25fc0309,20,AI-allowed,incomplete,4.0,180.0,240.0,2025-11-27,2025-11-27,,,,,False
4d2b6661-29b7-4198-852a-e5416fff2bac,5,AI-disallowed,complete,4.0,60.0,100.0,2025-11-28,2025-11-28,68.0,0.0,45.0,2.0,False
fd15560f-d48c-492e-b06d-758c125fc8c8,5,AI-disallowed,complete,4.0,60.0,100.0,2025-11-28,2025-11-28,79.0,0.0,50.0,2.0,False
e70b67c2-da38-4c2e-bdef-9a1f832ec507,40,AI-allowed,complete,1.0,150.0,240.0,2025-11-28,2026-01-28,40.0,0.0,40.0,2.0,False
b0401f2d-4ece-4c67-b724-9600e49d6551,24,AI-allowed,complete,4.0,960.0,1020.0,2025-11-28,2025-12-01,805.0,0.0,925.0,3.0,False
bef69cb6-9d41-45d9-b50e-82a3a6a4f1fd,2,AI-disallowed,complete,5.0,120.0,240.0,2025-11-28,2025-11-30,60.0,0.0,15.0,1.0,False
8c80013d-6291-4bd6-86ae-ea684c0af660,36,AI-disallowed,complete,2.0,10.0,15.0,2025-11-28,2025-11-28,15.0,0.0,10.0,1.0,False
af0da610-81e7-40d1-b762-5e4391649263,44,AI-disallowed,complete,4.0,120.0,300.0,2025-11-28,2025-12-01,90.0,0.0,60.0,2.0,False
0ff9db20-8ec3-4bfd-887e-8ff53edff8bd,50,AI-disallowed,complete,3.0,160.0,180.0,2025-11-28,2025-12-03,0.0,0.0,0.0,1.0,False
87a1fa15-8ead-4671-8200-bc8cab0d6aa9,50,AI-disallowed,complete,5.0,60.0,60.0,2025-11-28,2025-12-03,121.0,2.0,100.0,1.0,False
1bc13338-4a82-4494-8f39-7d06a3f5ddce,57,AI-disallowed,complete,1.0,20.0,30.0,2025-11-28,2025-11-29,21.0,0.0,30.0,1.0,False
0b9a0b6a-2b69-4b87-a020-9d2791535e12,5,AI-disallowed,complete,2.0,60.0,100.0,2025-11-29,2025-11-29,122.0,0.0,40.0,3.0,False
3c01b059-fd5b-4d01-a6bb-66ea00abed59,2,AI-disallowed,complete,1.0,240.0,540.0,2025-11-29,2025-11-30,590.0,20.0,240.0,4.0,False
dc7132ee-fa13-4c6e-823e-8d7223b51900,28,AI-allowed,complete,2.0,100.0,120.0,2025-11-29,2025-12-01,207.0,0.0,240.0,3.0,False
5a3a9feb-ef61-4d44-9eeb-6240cb0b1715,5,AI-disallowed,complete,3.0,60.0,70.0,2025-11-29,2025-11-30,100.0,0.0,60.0,3.0,False
a74b75c9-8d49-457f-929e-55bb1bdafc93,1,AI-allowed,complete,3.0,240.0,240.0,2025-11-29,2025-12-06,83.0,14.0,88.0,3.0,False
5be70547-fdf6-48b8-972b-bd0ff62c032c,5,AI-allowed,complete,1.0,60.0,90.0,2025-11-29,2025-11-29,47.0,0.0,50.0,2.0,False
ac47a897-066a-4867-916e-5b40b33326dc,17,AI-allowed,complete,3.0,60.0,30.0,2025-11-29,2025-12-02,57.0,0.0,90.0,3.0,False
d70e93d9-ec48-4560-a2e7-d873b2090cbb,17,AI-disallowed,complete,3.0,30.0,30.0,2025-11-29,2025-12-02,17.0,0.0,17.0,2.0,False
8492f26d-0587-43db-bebf-fd094439026c,9,AI-disallowed,complete,2.0,120.0,150.0,2025-11-29,2025-12-01,105.0,5.0,130.0,2.0,False
7cf0a942-d92d-4587-b7d7-4bce26801e8b,17,AI-disallowed,complete,3.0,30.0,30.0,2025-11-29,2025-12-02,45.0,0.0,45.0,2.0,False
2d16f41c-51ee-4a7a-9a46-fcf24e77d3b1,17,AI-allowed,incomplete,1.0,300.0,300.0,2025-11-29,2025-11-29,,,,,False
7f892fe2-989f-4a20-b2a7-431cd723f80b,25,AI-disallowed,complete,4.0,30.0,40.0,2025-11-29,2025-12-02,55.0,0.0,40.0,4.0,False
e212dec4-6769-421a-8852-de441e21f1f6,14,AI-allowed,incomplete,1.0,60.0,60.0,2025-11-29,2025-12-13,90.0,,,,False
07adaada-75d3-45bf-8643-1f8c639b461b,33,AI-disallowed,complete,1.0,20.0,30.0,2025-11-30,2025-11-30,36.0,6.0,25.0,3.0,False
07896892-5429-4842-b2cd-822ad59480f6,5,AI-allowed,complete,1.0,100.0,160.0,2025-11-30,2025-11-30,107.0,0.0,120.0,2.0,False
cde56e1c-b99b-4acd-b091-0d759b3f4778,57,AI-allowed,complete,1.0,30.0,40.0,2025-11-30,2025-11-30,43.0,0.0,60.0,3.0,False
fc9a4835-95cd-4c21-8900-e6652a7ada2f,17,AI-disallowed,complete,2.0,30.0,30.0,2025-11-30,2025-12-02,81.0,0.0,81.0,3.0,False
e102a776-abd1-41dc-9b3b-8c8d5a1423cf,22,AI-disallowed,complete,1.0,30.0,60.0,2025-11-30,2025-11-30,48.0,55.0,15.0,1.0,False
4c0b48f6-984c-4bc5-b415-c87975f287a2,2,AI-allowed,complete,1.0,180.0,420.0,2025-11-30,2025-11-30,300.0,30.0,530.0,4.0,False
6c040857-aa59-4f3f-af68-fa459eb92a0b,25,AI-allowed,complete,4.0,40.0,60.0,2025-11-30,2025-11-30,62.0,0.0,72.0,2.0,False
fe3077af-ca79-4a1c-9d64-f5c22a813500,10,AI-disallowed,incomplete,3.0,20.0,45.0,2025-11-30,2025-11-30,,,,,False
20f59be1-d265-4168-833c-e8bf769372b1,10,AI-disallowed,incomplete,1.0,45.0,200.0,2025-11-30,2025-11-30,,,,,False
61dc3731-e3f8-42a1-8b23-cf8d15525937,10,AI-disallowed,incomplete,3.0,45.0,60.0,2025-11-30,2025-11-30,,,,,False
f3b07088-9ab2-42c6-a77a-a7d5de2ca89d,10,AI-allowed,incomplete,1.0,45.0,60.0,2025-11-30,2025-11-30,,,,,False
96279c68-2ae8-45d9-b4da-2f29a22422ef,10,AI-allowed,complete,3.0,20.0,30.0,2025-11-30,2025-11-30,27.0,1.0,25.0,3.0,False
acccd06b-b6e0-4dd7-be7a-795f46990ddf,10,AI-allowed,incomplete,3.0,120.0,180.0,2025-11-30,2025-11-30,,,,,False
585d4578-d5c9-429f-949a-0b77272794b3,10,AI-allowed,complete,2.0,120.0,240.0,2025-11-30,2026-02-01,277.0,53.0,600.0,4.0,False
a9d5118f-d30f-414d-b6b8-ba31e6ab3332,10,AI-allowed,incomplete,1.0,120.0,240.0,2025-11-30,2025-11-30,,,,,False
71cb2197-6f90-4d59-a2de-0f30c535ef99,10,AI-disallowed,incomplete,3.0,60.0,120.0,2025-11-30,2026-01-04,45.0,6.0,20.0,3.0,False
737f4eeb-66ec-4208-a190-0313752e61e9,10,AI-disallowed,incomplete,2.0,60.0,100.0,2025-11-30,2025-11-30,,,,,False
d2a53349-c668-474a-902d-dd435d04b06c,22,AI-allowed,complete,2.0,30.0,60.0,2025-11-30,2025-11-30,35.0,4.0,60.0,3.0,False
fade5540-e1eb-428c-9938-a53a28fb6d16,5,AI-allowed,complete,2.0,100.0,200.0,2025-12-01,2025-12-01,184.0,0.0,200.0,3.0,False
260ccf1d-0a16-4a72-abc5-545829fac5bf,22,AI-allowed,complete,2.0,30.0,60.0,2025-12-01,2025-12-01,29.0,5.0,60.0,3.0,False
f9c5ecad-abbb-4c0a-8396-0381a402cea5,22,AI-disallowed,complete,1.0,15.0,30.0,2025-12-01,2025-12-01,12.0,4.0,15.0,1.0,False
ce714656-93af-4ad6-8d26-766794c38210,5,AI-disallowed,complete,2.0,120.0,180.0,2025-12-01,2025-12-01,120.0,0.0,70.0,2.0,False
0f97b01e-8b5a-4250-8d22-900ae733c082,22,AI-disallowed,incomplete,1.0,20.0,20.0,2025-12-01,2025-12-01,,,,,False
d71b9f79-1eba-497c-bcbc-8c3d6f9d368d,24,AI-allowed,complete,4.0,600.0,720.0,2025-12-01,2026-01-12,563.0,0.0,647.0,3.0,False
d3408d6b-ee10-4234-856e-2e50c4a09efd,39,AI-allowed,complete,3.0,80.0,60.0,2025-12-01,2025-12-02,57.0,5.0,70.0,3.0,False
073bd5ac-6914-444f-9612-ee73cf0bbb77,1,AI-allowed,complete,4.0,60.0,60.0,2025-12-01,2025-12-03,75.0,0.0,75.0,2.0,False
23cdd1a0-01af-44ba-9372-edd84bf5c1b4,39,AI-disallowed,complete,2.0,100.0,120.0,2025-12-01,2026-02-20,122.0,80.0,100.0,5.0,False
a6f6926c-c26d-4dcb-8e5d-9720c98d5cc5,1,AI-allowed,complete,3.0,60.0,60.0,2025-12-01,2025-12-06,165.0,20.0,180.0,4.0,False
a80d0f66-e9ae-4434-9911-797b4e3b5cc8,31,AI-allowed,complete,5.0,60.0,180.0,2025-12-02,2025-12-07,100.0,100.0,200.0,3.0,False
e1e913ee-138b-4fa6-83ca-fe2cc737d398,31,AI-disallowed,incomplete,5.0,100.0,250.0,2025-12-02,2026-02-14,60.0,0.0,30.0,3.0,False
b5265b0c-1505-452a-b0cf-58e46a05f911,2,AI-disallowed,complete,4.0,60.0,150.0,2025-12-02,2025-12-03,395.0,10.0,250.0,2.0,False
262a65dc-ffd4-45ee-9b49-330a48076ffd,9,AI-allowed,complete,3.0,210.0,240.0,2025-12-02,2025-12-17,185.0,20.0,220.0,2.0,False
a9f4c439-81b4-4837-b74b-066a4715db5d,9,AI-allowed,incomplete,2.0,180.0,210.0,2025-12-02,2025-12-02,,,,,False
4824c543-8da7-4fbe-8647-f12e265ffc50,17,AI-disallowed,complete,3.0,30.0,30.0,2025-12-02,2026-01-26,30.0,0.0,30.0,2.0,False
791d1513-5615-48f7-95fd-e8048358a805,17,AI-allowed,ditched,3.0,30.0,15.0,2025-12-02,2026-01-26,,,,,False
0a96c4b3-ae88-4ac6-a8da-652a1000d9ad,45,AI-disallowed,complete,1.0,300.0,360.0,2025-12-02,2025-12-05,137.0,48.0,120.0,2.0,False
d2b92945-235e-441d-9a4f-db30b12ddb78,18,AI-allowed,complete,2.0,60.0,60.0,2025-12-02,2025-12-16,36.0,192.0,240.0,4.0,False
daf622aa-a4dc-4ac3-bb49-b637967fca52,5,AI-disallowed,ditched,3.0,100.0,160.0,2025-12-03,2025-12-22,,,,,False
752c178d-ed8b-4537-a669-bfbd06bf85e3,5,AI-allowed,corrupted,3.0,120.0,200.0,2025-12-03,2025-12-28,181.0,0.0,240.0,3.0,False
b75b3387-c259-4a21-a53c-76746c986180,2,AI-disallowed,complete,1.0,200.0,520.0,2025-12-03,2025-12-04,370.0,0.0,180.0,3.0,False
5a86346e-cf7a-4697-89c7-06a784a70764,44,AI-allowed,complete,3.0,60.0,80.0,2025-12-03,2025-12-17,160.0,0.0,60.0,3.0,False
f9130732-892d-4651-b601-56bb4c9bfd0b,17,AI-allowed,complete,2.0,60.0,60.0,2025-12-03,2025-12-04,70.0,0.0,70.0,3.0,False
126e4c46-fe78-4c36-93b7-3414a2ed5c7b,9,AI-allowed,complete,1.0,210.0,240.0,2025-12-03,2025-12-20,150.0,20.0,240.0,4.0,False
8a000f48-0347-43fb-8ca0-caae8001082f,20,AI-disallowed,complete,3.0,180.0,240.0,2025-12-03,2026-01-07,55.0,20.0,40.0,3.0,False
e4b6dd8d-db92-4e58-87b2-94c31db11c63,20,AI-allowed,incomplete,3.0,180.0,240.0,2025-12-03,2025-12-03,,,,,False
ee1b6eba-0b30-4daf-915b-62140300a066,57,AI-disallowed,complete,1.0,240.0,480.0,2025-12-04,2025-12-06,450.0,0.0,180.0,4.0,False
172bd328-7582-4d58-8a24-de70bd5d3cc2,25,AI-allowed,complete,4.0,100.0,130.0,2025-12-04,2025-12-08,170.0,0.0,190.0,4.0,False
582c0008-435d-4c56-ab03-5e63f3219f2f,25,AI-allowed,complete,4.0,60.0,70.0,2025-12-04,2025-12-08,45.0,0.0,50.0,3.0,False
62dfc26b-ecc9-4a88-b71d-bc45cc6cf287,44,AI-allowed,incomplete,4.0,120.0,160.0,2025-12-04,2025-12-07,133.0,,180.0,3.0,False
67314c3d-9949-4bdb-ad54-20c7c2caf58b,2,AI-disallowed,ditched,1.0,200.0,800.0,2025-12-04,2026-02-22,,,,,False
cc42de6b-2ab2-42b5-9c07-60fc35783406,2,AI-allowed,complete,4.0,45.0,75.0,2025-12-04,2025-12-08,22.0,2.0,30.0,1.0,False
66ee2937-b786-4134-9fad-6966e91c7380,2,AI-disallowed,complete,2.0,250.0,600.0,2025-12-04,2025-12-18,720.0,0.0,150.0,4.0,False
d803b537-b7f8-4efe-b87d-e662830b3a5f,9,AI-disallowed,ditched,1.0,210.0,240.0,2025-12-04,2026-01-03,,,,,False
b62d64c8-1255-4604-a4ae-75528035ba99,36,AI-disallowed,complete,3.0,60.0,120.0,2025-12-04,2025-12-08,138.0,0.0,30.0,4.0,False
3eed0a8c-b835-407c-8b83-608e337e4150,31,AI-disallowed,incomplete,1.0,60.0,180.0,2025-12-05,2026-02-14,30.0,0.0,15.0,3.0,False
0e5aa2ce-18fd-4b2d-852e-d302dc1153f7,31,AI-disallowed,incomplete,2.0,60.0,180.0,2025-12-05,2026-02-14,60.0,0.0,30.0,3.0,False
3bc1d762-7d16-4af2-96e1-39e34552bd32,31,AI-disallowed,incomplete,2.0,60.0,180.0,2025-12-05,2026-02-14,180.0,0.0,90.0,3.0,False
ad15a23a-44f8-4589-8812-101637a58279,31,AI-allowed,complete,2.0,120.0,480.0,2025-12-05,2025-12-10,10.0,100.0,180.0,3.0,False
e447b567-6932-44db-a0df-9f269024ea90,31,AI-disallowed,incomplete,3.0,60.0,120.0,2025-12-05,2026-02-14,90.0,0.0,45.0,3.0,False
62e98e78-d325-414c-972e-c79d6d6552f8,31,AI-allowed,complete,3.0,60.0,120.0,2025-12-05,2025-12-10,10.0,50.0,70.0,2.0,False
181d8a2c-450d-48a6-be94-807c3aa2b413,31,AI-allowed,complete,3.0,30.0,150.0,2025-12-05,2025-12-10,5.0,15.0,20.0,1.0,False
9d7b775a-efce-40ac-b793-1ebb0c66ac65,31,AI-allowed,complete,1.0,120.0,550.0,2025-12-05,2025-12-10,30.0,120.0,220.0,3.0,False
872cf985-0be8-487f-84e5-2faa6a30bc66,24,AI-disallowed,complete,4.0,960.0,1020.0,2025-12-05,2025-12-08,998.0,0.0,998.0,3.0,False
321d3e34-7c63-4cb9-b519-7ab009486b97,5,AI-allowed,complete,2.0,100.0,180.0,2025-12-05,2026-01-04,368.0,0.0,440.0,3.0,False
e5c6c803-a70e-4e3e-a6d6-e10d8c7e4795,25,AI-disallowed,complete,3.0,240.0,250.0,2025-12-05,2025-12-07,203.0,70.0,265.0,4.0,False
8a94cc6e-7ef7-47c9-8027-57d6604cf34d,13,AI-allowed,complete,4.0,16.0,25.0,2025-12-06,2025-12-14,25.0,15.0,110.0,3.0,False
8a270295-9673-4d8e-9331-2de63e9c65a0,1,AI-disallowed,complete,3.0,165.0,180.0,2025-12-06,2025-12-08,22.0,0.0,20.0,2.0,False
ddda9ff4-721f-4816-8c05-e1fcd91160e6,5,AI-disallowed,incomplete,2.0,60.0,90.0,2025-12-07,2025-12-07,,,,,False
41454aaf-6ecb-4e87-8c73-616a0c881781,5,AI-disallowed,incomplete,2.0,60.0,90.0,2025-12-07,2025-12-07,,,,,False
751a2da0-158f-4e80-9093-de034ec7c9f4,5,AI-allowed,complete,2.0,60.0,90.0,2025-12-07,2025-12-07,171.0,0.0,200.0,2.0,False
439feb96-a63e-452f-b6ea-de67d6dee811,5,AI-disallowed,incomplete,2.0,60.0,90.0,2025-12-07,2025-12-07,,,,,False
b2332936-8217-49c3-829b-bc1a2c376ce7,2,AI-disallowed,complete,4.0,45.0,60.0,2025-12-07,2025-12-08,230.0,10.0,150.0,3.0,False
4b0d9ac2-e205-4eec-9c39-d4b7307c900e,21,AI-disallowed,complete,4.0,10.0,10.0,2025-12-07,2025-12-07,25.0,0.0,10.0,2.0,False
4c4d0327-b3dc-4a2a-be39-742d73eeb999,2,AI-allowed,complete,4.0,30.0,60.0,2025-12-07,2025-12-07,40.0,3.0,90.0,1.0,False
e2f22771-af0e-4d16-a81a-f688fe979b0d,2,AI-disallowed,complete,5.0,45.0,90.0,2025-12-07,2025-12-08,135.0,20.0,90.0,2.0,False
9c807d84-ae4f-4122-9a71-bf8b8aac5752,5,AI-allowed,complete,1.0,60.0,90.0,2025-12-07,2026-01-05,175.0,0.0,240.0,3.0,False
a957e9e0-d483-492b-9532-cf623d85cac7,5,AI-disallowed,ditched,2.0,60.0,100.0,2025-12-07,2025-12-07,,,,,False
6b3e23d2-92b8-4d5e-9ead-5a6dcced318c,5,AI-disallowed,ditched,1.0,60.0,100.0,2025-12-07,2025-12-13,,,,,False
319da100-4830-4d10-8ee0-4e5359ae0802,5,AI-disallowed,ditched,2.0,40.0,120.0,2025-12-07,2025-12-07,,,,,False
3a9250e4-b8f7-43b8-a8ba-123c7945d4b0,5,AI-disallowed,ditched,2.0,30.0,60.0,2025-12-07,2025-12-13,,,,,False
3cf82532-b236-4dda-a609-88a55f305108,2,AI-disallowed,complete,2.0,210.0,400.0,2025-12-08,2025-12-18,805.0,40.0,200.0,4.0,False
f31c3885-2361-4939-9f7b-7eb216910017,2,AI-allowed,complete,4.0,80.0,220.0,2025-12-08,2025-12-09,410.0,20.0,1000.0,3.0,False
2b1a2280-f11e-48a3-b171-04e93cac3e4e,20,AI-disallowed,complete,3.0,120.0,180.0,2025-12-08,2025-12-08,33.0,0.0,20.0,3.0,False
83f1a06c-f8c4-4b51-a163-472e28eb425a,20,AI-allowed,complete,4.0,30.0,60.0,2025-12-08,2025-12-12,32.0,15.0,32.0,2.0,False
ceae9f47-7b8e-40b0-99fb-18c06ff81591,1,AI-allowed,complete,1.0,200.0,240.0,2025-12-09,2025-12-21,500.0,0.0,470.0,4.0,False
6edb4e79-5ff2-440a-a84b-22791eb02733,31,AI-allowed,complete,3.0,70.0,160.0,2025-12-09,2025-12-09,5.0,40.0,60.0,1.0,False
752077ba-7390-45a3-8d17-594d00821fcb,31,AI-allowed,complete,4.0,60.0,120.0,2025-12-09,2025-12-09,5.0,25.0,60.0,1.0,False
9b591e67-8f97-4311-a07c-e88e0684a1de,31,AI-disallowed,incomplete,3.0,60.0,120.0,2025-12-09,2026-02-14,30.0,0.0,15.0,3.0,False
7db200bd-38a2-4f2a-be6e-fb4f4beead07,31,AI-disallowed,incomplete,4.0,30.0,60.0,2025-12-09,2026-02-14,30.0,0.0,15.0,3.0,False
0e81afd7-2ba7-464f-adfc-92c2b4ed25a7,31,AI-disallowed,incomplete,3.0,45.0,90.0,2025-12-09,2026-02-14,30.0,0.0,15.0,3.0,False
1606b2a8-16e6-4b92-ad44-bd419f83fc95,25,AI-disallowed,complete,4.0,55.0,60.0,2025-12-09,2025-12-09,60.0,0.0,55.0,4.0,False
f5e81d1d-a869-4bda-b163-331b50b0c8ec,25,AI-allowed,complete,4.0,50.0,60.0,2025-12-09,2025-12-09,25.0,0.0,25.0,3.0,False
bf583993-3a36-408b-b127-9d9603fccc4a,25,AI-allowed,complete,4.0,300.0,400.0,2025-12-09,2025-12-11,370.0,0.0,470.0,4.0,False
cf898f2f-372a-4943-83c7-4b579323686e,25,AI-allowed,complete,4.0,60.0,60.0,2025-12-09,2025-12-09,130.0,0.0,130.0,5.0,False
2d58b49f-718f-4cc2-9b86-130a168a35ba,30,AI-allowed,incomplete,3.0,200.0,400.0,2025-12-09,2025-12-10,25.0,,,,False
70842519-31a0-4be6-857d-b2e0610da691,5,AI-disallowed,complete,2.0,90.0,120.0,2025-12-10,2025-12-22,357.0,0.0,250.0,2.0,False
b26aa95b-4420-4d92-8ddb-ba739137c200,5,AI-allowed,complete,2.0,60.0,70.0,2025-12-10,2026-01-05,99.0,0.0,160.0,3.0,False
215bdeb6-afdc-444f-8dee-41e1ed83ea75,2,AI-disallowed,complete,1.0,100.0,300.0,2025-12-10,2025-12-11,200.0,25.0,70.0,3.0,False
612193d6-6ef7-441d-ae52-c40354d903ca,20,AI-allowed,incomplete,3.0,240.0,300.0,2025-12-10,2025-12-10,,,,,False
73e7867c-f969-4271-a676-21cd9c96ec0b,50,AI-allowed,complete,5.0,50.0,60.0,2025-12-10,2025-12-10,11.0,4.0,13.0,1.0,False
06b49fa5-9584-4326-8317-aae16bdbc1d9,50,AI-disallowed,complete,2.0,180.0,190.0,2025-12-10,2026-01-09,244.0,0.0,220.0,3.0,False
14f4b30c-2caf-4191-ad97-5bf33107d3a5,20,AI-disallowed,incomplete,3.0,360.0,420.0,2025-12-10,2025-12-10,,,,,False
9943f898-a728-4c29-8054-8820007fb177,28,AI-disallowed,complete,2.0,240.0,300.0,2025-12-11,2025-12-11,319.0,0.0,290.0,3.0,False
61a80a3a-fc3f-49cd-a7c9-c9a7a67bf142,31,AI-allowed,complete,2.0,150.0,250.0,2025-12-11,2026-01-15,5.0,10.0,30.0,1.0,False
7c768b40-3108-4c91-aa1e-3b9c0ce76ad3,31,AI-allowed,complete,3.0,60.0,180.0,2025-12-11,2025-12-11,5.0,30.0,60.0,3.0,False
4b39afaf-2c05-47eb-9940-a5577af526de,33,AI-allowed,complete,1.0,180.0,300.0,2025-12-11,2025-12-14,199.0,0.0,300.0,5.0,False
eabbc5f2-4914-4738-84a9-4088ebb35538,5,AI-disallowed,complete,4.0,90.0,120.0,2025-12-11,2025-12-12,194.0,0.0,160.0,1.0,False
246d966e-b803-4399-9b9a-ceec738adae4,2,AI-disallowed,complete,5.0,180.0,600.0,2025-12-11,2025-12-15,200.0,30.0,60.0,2.0,False
b2cb08fe-0ef0-4a28-80fb-ff6225cd2edd,25,AI-disallowed,complete,4.0,40.0,60.0,2025-12-11,2025-12-15,100.0,0.0,60.0,3.0,False
9c2fae7e-a9ba-4e40-8c6b-a72e043fd8e5,20,AI-disallowed,complete,3.0,120.0,180.0,2025-12-11,2025-12-12,65.0,30.0,40.0,2.0,False
26d93317-8512-4f62-aa92-0b50ccbf9090,18,AI-allowed,complete,4.0,45.0,25.0,2025-12-11,2025-12-11,10.0,0.0,20.0,1.0,False
2c7caf13-fa16-4b70-acc9-1a0428d3e159,20,AI-allowed,incomplete,3.0,240.0,300.0,2025-12-11,2025-12-11,,,,,False
0cb9ffd0-06bd-44b9-8d75-4508d2764893,20,AI-disallowed,complete,3.0,30.0,60.0,2025-12-11,2025-12-12,12.0,10.0,10.0,1.0,False
2c5c633c-449a-48a7-93d8-d857fccb2527,49,AI-disallowed,complete,5.0,100.0,100.0,2025-12-12,2026-01-01,43.0,43.0,60.0,1.0,False
45e370df-3f1f-4924-8505-990d2b8f20ea,5,AI-allowed,complete,2.0,90.0,100.0,2025-12-12,2026-01-04,587.0,0.0,700.0,3.0,False
da441d95-1e48-4418-a591-210d424e564d,32,AI-disallowed,complete,3.0,20.0,20.0,2025-12-12,2025-12-12,5.0,0.0,5.0,1.0,False
0d34e485-d2da-40d3-84a9-fb80f0361052,18,AI-disallowed,complete,3.0,120.0,120.0,2025-12-12,2025-12-14,222.0,0.0,222.0,2.0,False
c2171c02-6a45-4786-990c-84be79e0f088,19,AI-allowed,complete,3.0,420.0,540.0,2025-12-13,2025-12-17,56.0,24.0,100.0,3.0,False
e0e5a149-06fe-4afa-a5ee-4e36f0acdbfd,19,AI-allowed,complete,3.0,120.0,180.0,2025-12-13,2025-12-17,104.0,151.0,300.0,3.0,False
94c0a783-e6cf-4436-a302-b6acfab061af,18,AI-disallowed,complete,3.0,30.0,45.0,2025-12-13,2025-12-14,41.0,24.0,50.0,3.0,False
21271242-b119-4800-9742-18188a983027,5,AI-allowed,complete,2.0,90.0,120.0,2025-12-13,2025-12-20,114.0,0.0,130.0,2.0,False
33950b6a-0f93-4dee-aff6-d21c9b1f4070,14,AI-disallowed,complete,1.0,60.0,60.0,2025-12-13,2025-12-17,60.0,0.0,60.0,3.0,False
0d5bc654-193f-4f1d-867c-76f8061448bd,19,AI-disallowed,ditched,3.0,400.0,500.0,2025-12-14,2025-12-14,,,,,False
2c02fb1c-eae5-407e-90ba-b97bd9f7356f,32,AI-disallowed,complete,2.0,25.0,25.0,2025-12-14,2025-12-14,20.0,0.0,20.0,2.0,False
2292641a-5e0f-43a9-b439-a9453cbca62d,44,AI-allowed,complete,2.0,150.0,180.0,2025-12-14,2025-12-15,160.0,0.0,200.0,4.0,False
de47d4e8-40c0-4e9c-95e8-4c1a381ce01b,19,AI-allowed,complete,3.0,420.0,480.0,2025-12-14,2025-12-17,121.0,150.0,350.0,3.0,False
5fac6537-3d01-494f-bfe4-7dbb611086c6,18,AI-allowed,complete,4.0,120.0,90.0,2025-12-14,2025-12-14,67.0,0.0,80.0,3.0,False
98ab1f4a-0c91-42db-bec4-9ccdfec91d4b,33,AI-disallowed,complete,1.0,60.0,80.0,2025-12-14,2025-12-14,60.0,0.0,40.0,3.0,False
a3bfbe27-0841-4beb-b6d4-bbdee265fd08,8,AI-disallowed,complete,4.0,10.0,15.0,2025-12-14,2025-12-15,30.0,0.0,20.0,1.0,False
e7656764-d46b-42a1-9d42-bfe75f63b471,33,AI-disallowed,ditched,3.0,180.0,300.0,2025-12-15,2025-12-24,50.0,0.0,60.0,5.0,False
d1084169-1957-47eb-9d1b-33aeb3e94423,19,AI-allowed,complete,3.0,300.0,360.0,2025-12-15,2025-12-17,46.0,208.0,310.0,3.0,False
8b41c971-e4d7-4657-82a7-7bde8fbc5a32,56,AI-disallowed,complete,5.0,90.0,120.0,2025-12-15,2025-12-16,152.0,8.0,90.0,2.0,False
9db68d9c-3686-4cc9-a2db-8bbf926bedb9,25,AI-disallowed,complete,4.0,40.0,40.0,2025-12-15,2025-12-15,50.0,0.0,50.0,2.0,False
3ec58a6f-5b13-4ebe-9ce5-cceb95e229d8,2,AI-allowed,complete,5.0,150.0,200.0,2025-12-15,2025-12-16,220.0,15.0,300.0,1.0,False
c9bd5041-5758-4b8b-a5f6-e96e91037ba7,25,AI-allowed,complete,1.0,180.0,240.0,2025-12-15,2025-12-15,62.0,0.0,92.0,3.0,False
1631ab0f-511b-4697-9727-a00cc0168fa5,25,AI-allowed,complete,4.0,120.0,150.0,2025-12-15,2025-12-17,180.0,0.0,240.0,4.0,False
e35c2e21-d0f1-4d8e-b524-588d1f5e2c85,11,AI-disallowed,complete,5.0,10.0,10.0,2025-12-15,2025-12-15,8.0,2.0,10.0,1.0,False
0f4d4460-7770-49cf-b396-40278165ed50,18,AI-allowed,complete,3.0,120.0,150.0,2025-12-15,2025-12-20,234.0,37.0,330.0,3.0,False
7ae2dbd1-568b-480f-ac50-669427f6d977,36,AI-allowed,complete,2.0,180.0,240.0,2025-12-16,2025-12-16,84.0,0.0,150.0,2.0,False
61181ac9-c0cf-4810-99e7-3d2614db1d80,1,AI-disallowed,complete,5.0,120.0,120.0,2025-12-16,2025-12-20,138.0,6.0,140.0,4.0,False
32638d7a-0f05-4e80-8418-652839813871,31,AI-disallowed,complete,3.0,60.0,120.0,2025-12-16,2026-01-25,70.0,650.0,120.0,4.0,False
6ae3b69b-2104-476a-859b-39d6c80a652d,56,AI-disallowed,complete,5.0,20.0,30.0,2025-12-16,2025-12-22,112.0,18.0,60.0,3.0,False
3acf30f8-15dc-4b39-b4ab-7a2525cdf00b,28,AI-allowed,complete,1.0,180.0,240.0,2025-12-16,2025-12-17,165.0,0.0,200.0,3.0,False
e199b14f-b64c-4fc6-a560-5552aae7ce87,33,AI-allowed,ditched,2.0,30.0,60.0,2025-12-16,2025-12-16,53.0,0.0,60.0,3.0,False
0cf3ce01-f0db-4d18-b9c3-819002a56d70,36,AI-allowed,complete,1.0,45.0,90.0,2025-12-17,2025-12-17,46.0,0.0,120.0,2.0,False
be8431d2-fd0b-478c-927b-b6af81dde072,8,AI-allowed,complete,1.0,150.0,120.0,2025-12-17,2026-01-28,840.0,180.0,900.0,5.0,False
790b710e-fd61-4ef7-8336-673525c21bae,19,AI-disallowed,ditched,3.0,150.0,200.0,2025-12-17,2026-02-18,,,,,False
ed1a563b-fb63-432c-b6ca-d32081bd7af2,19,AI-allowed,complete,3.0,200.0,260.0,2025-12-17,2025-12-24,671.0,549.0,1500.0,4.0,False
57ee4dbd-a049-43e4-a936-ffb9ba61e4d4,25,AI-disallowed,complete,4.0,240.0,300.0,2025-12-17,2025-12-24,360.0,0.0,300.0,4.0,False
bab07d89-9645-4967-9afe-b994d978c2de,20,AI-disallowed,complete,3.0,120.0,180.0,2025-12-17,2025-12-19,90.0,20.0,60.0,3.0,False
fb8d4af7-005e-41b0-a6c3-e34282d66fd9,2,AI-allowed,complete,3.0,300.0,900.0,2025-12-18,2025-12-24,650.0,20.0,1000.0,4.0,False
757fd2a8-2b22-4548-8db1-fc89bc7f0772,19,AI-allowed,complete,3.0,200.0,260.0,2025-12-18,2025-12-28,129.0,0.0,130.0,3.0,False
48a66475-de60-496e-ae66-e6fb530a1871,5,AI-allowed,complete,1.0,90.0,120.0,2025-12-18,2025-12-19,154.0,0.0,170.0,2.0,False
ccf98238-8fbb-4562-a3e8-f5c42cdb215b,32,AI-disallowed,incomplete,5.0,200.0,250.0,2025-12-18,2025-12-18,,,,,False
09dd94f6-1267-42ce-a0eb-e03288d2cc27,36,AI-disallowed,complete,2.0,180.0,240.0,2025-12-18,2025-12-21,307.0,0.0,120.0,4.0,False
529ce919-203d-4326-a841-ba0cfa91a978,19,AI-disallowed,complete,3.0,250.0,350.0,2025-12-19,2026-01-04,42.0,157.0,220.0,3.0,False
739f99c2-6c18-47c3-8529-89efdf063309,19,AI-disallowed,complete,3.0,200.0,300.0,2025-12-19,2025-12-25,91.0,0.0,90.0,3.0,False
e14de8a0-a852-4b56-a799-30d3dfc7f4c7,19,AI-allowed,complete,3.0,250.0,300.0,2025-12-19,2025-12-28,136.0,0.0,140.0,3.0,False
7d2d8209-531c-4f51-b5c4-6379bde372b8,19,AI-allowed,complete,3.0,250.0,320.0,2025-12-19,2025-12-26,196.0,218.0,480.0,3.0,False
87476a91-6146-4854-91ec-4b8c45eec088,19,AI-allowed,complete,3.0,150.0,200.0,2025-12-20,2025-12-28,17.0,0.0,20.0,2.0,False
5b470377-1e3c-4ff0-b1d0-2f33e41bc9c7,19,AI-disallowed,complete,3.0,200.0,300.0,2025-12-20,2025-12-25,268.0,0.0,240.0,3.0,False
f05fe3eb-3f33-49fe-9644-7b274889c2d7,19,AI-allowed,complete,3.0,200.0,300.0,2025-12-20,2025-12-28,114.0,0.0,120.0,3.0,False
37106892-fe0c-4195-a400-7dcdfab8cba9,19,AI-disallowed,incomplete,3.0,200.0,300.0,2025-12-20,2025-12-20,,,,,False
fb5b1262-70dc-4de5-b2ee-ff66a4ed6ba3,32,AI-disallowed,complete,3.0,20.0,20.0,2025-12-20,2025-12-20,24.0,0.0,24.0,2.0,False
a09037e5-d5f7-4f88-8e22-c9ff440d93f2,5,AI-allowed,complete,2.0,80.0,100.0,2025-12-20,2025-12-21,237.0,0.0,260.0,2.0,False
9b01b642-bec9-481e-b4c5-a04b9e5854b3,19,AI-allowed,complete,3.0,200.0,300.0,2025-12-20,2025-12-27,252.0,53.0,330.0,3.0,False
e3ac871e-b561-4c28-b9be-e07b8ef86d04,18,AI-disallowed,complete,4.0,60.0,60.0,2025-12-20,2025-12-20,78.0,0.0,0.0,3.0,False
28155191-8cda-49ed-9069-d61d282f9b9e,41,AI-disallowed,complete,1.0,60.0,180.0,2025-12-20,2026-01-03,90.0,0.0,60.0,2.0,False
52336dd0-4418-4c7d-b619-a30bdf65d729,7,AI-disallowed,complete,3.0,60.0,30.0,2025-12-21,2025-12-21,102.0,0.0,80.0,2.0,False
2c8f9d63-ab20-4d2f-903d-654d29a6e75c,25,AI-disallowed,complete,5.0,30.0,30.0,2025-12-21,2025-12-24,36.0,7.0,40.0,2.0,False
a1ed705b-50f9-4d16-986b-8700413a4f7f,32,AI-allowed,complete,4.0,20.0,20.0,2025-12-21,2025-12-21,33.0,3.0,30.0,3.0,False
97804235-8d5c-4d58-a332-507caf9f4096,1,AI-disallowed,complete,4.0,20.0,25.0,2025-12-21,2025-12-22,80.0,0.0,81.0,3.0,False
f66e099e-2c2a-43a5-adff-9e568cb6cf21,32,AI-allowed,complete,2.0,15.0,15.0,2025-12-21,2025-12-21,12.0,0.0,13.0,1.0,False
d220dcc4-7113-4fef-8a46-88182254052e,9,AI-disallowed,incomplete,1.0,210.0,240.0,2025-12-21,2026-01-28,,,,,False
eac494da-6823-450c-b366-34c2e8d8480a,36,AI-disallowed,complete,3.0,120.0,240.0,2025-12-21,2025-12-25,77.0,0.0,40.0,3.0,False
904b2397-d9b4-4dc2-9289-54036c0c12ff,41,AI-allowed,complete,1.0,45.0,135.0,2025-12-22,2026-01-03,100.0,0.0,120.0,2.0,False
deafd199-2947-49c3-b225-a438a3ef9caa,7,AI-disallowed,complete,1.0,120.0,180.0,2025-12-22,2025-12-26,194.0,0.0,150.0,3.0,False
5b1ee859-7131-4a82-83ed-6c18ab593236,1,AI-allowed,complete,3.0,40.0,45.0,2025-12-22,2025-12-26,73.0,1.0,70.0,3.0,False
542f6e3e-447d-4dc9-9d4e-705139186ce2,5,AI-allowed,complete,1.0,120.0,200.0,2025-12-22,2025-12-24,451.0,0.0,530.0,3.0,False
28c7fad2-1e76-4513-92e9-8d4b0ab1d0a7,20,AI-allowed,incomplete,4.0,60.0,120.0,2025-12-22,2025-12-22,,,,,False
7791ca55-8a04-48d5-b93f-d22b8d64b874,18,AI-allowed,complete,3.0,120.0,120.0,2025-12-22,2025-12-28,308.0,0.0,308.0,3.0,False
ce823136-8f5f-418b-913d-4427c68bfc15,43,AI-disallowed,incomplete,2.0,120.0,120.0,2025-12-23,2025-12-23,,,,,False
9b0b4969-f4e8-4170-b184-f902baee2821,21,AI-allowed,complete,4.0,15.0,60.0,2025-12-23,2025-12-24,7.0,19.0,15.0,2.0,False
44529013-b255-4c79-999a-e481abf3b011,33,AI-allowed,complete,1.0,60.0,120.0,2025-12-24,2026-01-07,203.0,12.0,480.0,5.0,False
c6abc8fd-94ba-4a56-b7d4-d4d21e88a38b,2,AI-allowed,complete,3.0,500.0,1800.0,2025-12-24,2025-12-31,420.0,20.0,1800.0,4.0,False
372db556-1f51-41f7-bb6e-36cf1ede67a5,28,AI-allowed,complete,3.0,60.0,90.0,2025-12-24,2025-12-24,110.0,0.0,90.0,3.0,False
08760f82-46d3-4a46-9bfa-07043369f064,25,AI-disallowed,complete,3.0,90.0,90.0,2025-12-24,2025-12-24,125.0,0.0,120.0,4.0,False
fa2c3c90-8984-44b2-8057-a5d520442ce3,9,AI-disallowed,complete,3.0,150.0,180.0,2025-12-24,2025-12-30,130.0,15.0,180.0,2.0,False
04c18342-e2b1-44ab-b7a0-e5c4259b279e,28,AI-allowed,complete,4.0,30.0,40.0,2025-12-24,2025-12-26,48.0,0.0,50.0,1.0,False
9d8105ce-b992-49ce-b16a-c45d0ca35e5c,43,AI-allowed,ditched,2.0,120.0,180.0,2025-12-25,2026-02-23,,,,,False
2fe7c7ef-80ca-4b59-8c83-2032623d5706,43,AI-allowed,ditched,3.0,120.0,180.0,2025-12-25,2026-02-23,,,,,False
6e77cdf4-1e73-40f7-b858-c401e56c33f7,43,AI-disallowed,ditched,2.0,120.0,180.0,2025-12-25,2026-02-23,,,,,False
819dd35b-6d40-4d5c-85c3-886996d73474,43,AI-disallowed,ditched,2.0,480.0,600.0,2025-12-25,2026-02-23,,,,,False
fff17095-2976-4d07-a707-577448cc9395,5,AI-allowed,complete,2.0,90.0,120.0,2025-12-25,2025-12-25,95.0,0.0,120.0,2.0,False
2e3e4fb0-a8b0-4888-a035-e9d2df815301,2,AI-allowed,complete,4.0,300.0,660.0,2025-12-25,2025-12-31,1030.0,100.0,2400.0,5.0,False
bbadfdc6-824e-4d0d-83b3-4dc043395a77,5,AI-disallowed,complete,2.0,90.0,120.0,2025-12-25,2025-12-28,177.0,0.0,100.0,2.0,False
4045e787-f2ef-4d8e-9909-5cffa02da682,28,AI-allowed,complete,1.0,180.0,240.0,2025-12-26,2025-12-27,272.0,0.0,300.0,3.0,False
ee75b7fb-f888-4ea1-8c86-16c0d04e7c86,24,AI-disallowed,complete,4.0,960.0,1020.0,2025-12-26,2026-01-08,1601.0,0.0,1510.0,4.0,False
fa382e52-55f9-480f-b0d7-b86d18b905b6,1,AI-allowed,complete,4.0,360.0,360.0,2025-12-26,2025-12-28,95.0,0.0,95.0,3.0,False
036363ac-2fd5-42c3-9ea5-93e0020e18cd,1,AI-allowed,complete,4.0,120.0,120.0,2025-12-26,2026-01-10,38.0,0.0,38.0,2.0,False
837d6d4b-9190-413e-b5d8-99568750020a,5,AI-disallowed,complete,4.0,90.0,120.0,2025-12-26,2025-12-28,199.0,0.0,100.0,3.0,False
ed5cb105-7e1c-477b-b1ad-8f1abe1b1a88,9,AI-allowed,complete,1.0,150.0,150.0,2025-12-26,2025-12-30,150.0,25.0,150.0,3.0,False
caa88afa-15a2-4ea5-9929-c134ad025b87,32,AI-allowed,complete,3.0,20.0,20.0,2025-12-26,2025-12-26,37.0,0.0,40.0,3.0,False
37241478-89f1-4440-9713-58bc8fbe096b,20,AI-allowed,complete,3.0,30.0,60.0,2025-12-26,2025-12-29,12.0,0.0,15.0,1.0,False
15c7d253-8219-4f37-9c96-5a2088e9167b,20,AI-disallowed,complete,4.0,30.0,60.0,2025-12-26,2025-12-29,44.0,10.0,30.0,3.0,False
4f40b0be-e2c2-41db-8d1c-f13515c321a6,1,AI-allowed,complete,5.0,15.0,15.0,2025-12-26,2025-12-26,22.0,0.0,21.0,1.0,False
76aea598-6863-421b-81b9-753db0347c21,5,AI-disallowed,complete,4.0,100.0,180.0,2025-12-27,2025-12-29,123.0,0.0,90.0,3.0,False
077f76e2-4823-418d-bdb7-206d2c66e3e4,5,AI-disallowed,complete,4.0,100.0,180.0,2025-12-27,2025-12-29,163.0,0.0,100.0,3.0,False
d1145749-fc26-4670-a08d-81090d1674c7,5,AI-disallowed,complete,4.0,100.0,180.0,2025-12-27,2025-12-29,123.0,0.0,90.0,3.0,False
734bd135-a9cf-4e9e-9f6a-10cdf1730910,5,AI-allowed,complete,2.0,180.0,300.0,2025-12-27,2025-12-28,292.0,0.0,450.0,3.0,False
6fdc4948-455b-44a5-95f7-b6d64b0d75e6,19,AI-disallowed,complete,3.0,280.0,380.0,2025-12-27,2026-01-04,394.0,160.0,650.0,4.0,False
8be7a5a9-512d-49d4-ba16-6300f37cde25,19,AI-allowed,complete,3.0,270.0,330.0,2025-12-27,2025-12-30,287.0,81.0,400.0,3.0,False
ec7fb568-2411-46cc-b85e-b8fa7db9713f,36,AI-disallowed,complete,2.0,45.0,90.0,2025-12-27,2025-12-28,182.0,0.0,90.0,4.0,False
2a57d6df-33f1-4803-a745-789780d0ee91,45,AI-allowed,complete,2.0,240.0,300.0,2025-12-27,2026-01-31,120.0,222.0,340.0,3.0,False
2af68b59-22ae-4605-9769-9add33855245,1,AI-allowed,complete,3.0,30.0,30.0,2025-12-28,2026-01-02,17.0,0.0,17.0,1.0,False
9252d01a-bb76-490e-a1bf-77dd4e61eddd,17,AI-allowed,complete,2.0,20.0,20.0,2025-12-28,2025-12-29,18.0,0.0,18.0,1.0,False
8601f016-38e3-48dc-aeff-7230ce7a21df,18,AI-disallowed,cheating,3.0,180.0,240.0,2025-12-28,2026-01-11,200.0,0.0,200.0,3.0,False
5a39476e-5ef3-4dc8-8d89-c4b2d80e7f3d,18,AI-allowed,complete,3.0,60.0,60.0,2025-12-28,2025-12-28,20.0,0.0,20.0,2.0,False
016e356f-8db4-4b46-a5c7-6f83d2d1c904,19,AI-allowed,complete,3.0,230.0,260.0,2025-12-28,2025-12-31,154.0,0.0,160.0,3.0,False
86e1ae13-92f8-4aa4-b13b-e07c42843472,2,AI-allowed,complete,2.0,300.0,600.0,2025-12-28,2025-12-31,230.0,0.0,600.0,3.0,False
6abc6070-4d62-40d9-bf42-2aeb65cc01fe,1,AI-disallowed,complete,3.0,10.0,20.0,2025-12-28,2026-01-02,51.0,0.0,50.0,3.0,False
495e7bcc-fc2e-4b8d-b7c5-0403d9477c93,18,AI-allowed,complete,3.0,120.0,120.0,2025-12-28,2026-01-01,107.0,0.0,180.0,3.0,False
b730e520-e90d-496d-87bf-36a915ef4d28,19,AI-allowed,complete,3.0,300.0,350.0,2025-12-29,2025-12-31,151.0,0.0,160.0,3.0,False
624cd293-c074-46df-8a6f-e6b63c89ca73,36,AI-allowed,complete,2.0,240.0,480.0,2025-12-29,2026-01-01,207.0,0.0,400.0,3.0,False
8ced7482-f14a-4e4d-8f45-7108e9e0942b,20,AI-allowed,incomplete,1.0,240.0,360.0,2025-12-29,2025-12-29,,,,,False
97417e8f-4f6d-4384-8ae2-6e281901efd5,20,AI-disallowed,complete,3.0,180.0,240.0,2025-12-29,2025-12-31,51.0,10.0,30.0,3.0,False
333484c1-2cc1-4602-a4cc-587f7e635c7a,9,AI-allowed,complete,1.0,210.0,240.0,2025-12-29,2026-01-01,225.0,20.0,270.0,4.0,False
a302506f-c101-4934-91a3-f611ef7e84fb,1,AI-disallowed,complete,3.0,370.0,390.0,2025-12-29,2026-01-02,212.0,0.0,212.0,4.0,False
d3c4fb53-a518-4447-804d-bc4964f9285b,5,AI-disallowed,complete,4.0,90.0,140.0,2025-12-29,2025-12-30,59.0,0.0,40.0,2.0,False
d96c9a97-170e-4704-b280-7ac05c7e1776,5,AI-disallowed,complete,4.0,90.0,120.0,2025-12-29,2025-12-31,56.0,0.0,35.0,2.0,False
de5d5575-0f39-4796-bcc1-fc11f2b043d1,5,AI-disallowed,complete,4.0,90.0,120.0,2025-12-29,2025-12-30,49.0,0.0,30.0,2.0,False
8920b1b5-2e5c-4a5c-b646-45d2d86fa0f5,5,AI-disallowed,complete,4.0,90.0,120.0,2025-12-29,2025-12-30,62.0,0.0,35.0,2.0,False
236bf8cf-1c02-4576-898e-db067e9d6d7b,17,AI-allowed,ditched,2.0,60.0,60.0,2025-12-30,2026-01-26,,,,,False
9e4ef044-0c2b-4917-88dd-cbf6b4d9bcbd,2,AI-disallowed,complete,3.0,240.0,400.0,2025-12-30,2025-12-31,330.0,0.0,240.0,3.0,False
2af586a2-4f2a-4f5e-8926-cf0117557102,28,AI-disallowed,complete,1.0,240.0,300.0,2025-12-30,2026-01-15,302.0,0.0,265.0,3.0,False
779dcc91-94a4-4542-9506-96aaf86dd5e3,20,AI-allowed,complete,3.0,180.0,240.0,2025-12-30,2025-12-31,61.0,0.0,120.0,3.0,False
6dab441a-c7f6-47b8-9912-e33bf02b3390,5,AI-disallowed,complete,4.0,60.0,100.0,2025-12-30,2025-12-31,68.0,0.0,35.0,2.0,False
47a9b8a2-ae5b-4416-b9e3-700fbb2f1372,5,AI-allowed,complete,4.0,60.0,100.0,2025-12-30,2025-12-31,158.0,0.0,240.0,3.0,False
f866bd0b-e3fb-45a6-95aa-ee2ec32e7da2,19,AI-disallowed,complete,3.0,260.0,300.0,2025-12-31,2026-02-18,91.0,59.0,180.0,3.0,False
7e511b16-4424-4a5c-9e38-6249d6d79176,18,AI-disallowed,complete,1.0,30.0,45.0,2025-12-31,2026-01-02,18.0,0.0,20.0,2.0,False
bca89efc-93e8-4f66-a569-c31c91b803ca,1,AI-disallowed,complete,2.0,300.0,390.0,2025-12-31,2026-01-10,650.0,15.0,590.0,3.0,False
e490fcaa-0512-4d81-bbe3-2a695c5fea83,5,AI-allowed,incomplete,1.0,100.0,120.0,2025-12-31,2025-12-31,,,,,False
4dca920a-3dc8-4473-b0df-07b27fcd2aa4,5,AI-allowed,complete,1.0,120.0,200.0,2025-12-31,2026-01-05,105.0,0.0,200.0,2.0,False
9523ec06-191c-46a9-8304-2aa786199a1d,5,AI-allowed,complete,1.0,100.0,200.0,2025-12-31,2026-01-05,716.0,0.0,900.0,3.0,False
1b04c99e-9a17-4de5-8c85-a504520f4edb,5,AI-allowed,complete,1.0,100.0,140.0,2026-01-01,2026-01-01,127.0,0.0,200.0,3.0,False
76b3ff7c-659c-4c06-bfc7-45978ce63302,5,AI-allowed,incomplete,2.0,100.0,200.0,2026-01-01,2026-01-07,,,,,False
56a10133-8bbb-43b8-b427-d972c819902b,9,AI-allowed,complete,1.0,180.0,150.0,2026-01-01,2026-01-02,185.0,10.0,160.0,3.0,False
afdb4722-d7f0-4a7f-b171-60c3c76b6616,18,AI-disallowed,complete,3.0,60.0,120.0,2026-01-01,2026-01-03,151.0,0.0,151.0,3.0,False
2e62074d-ecd3-49ef-830e-54ec43072461,1,AI-disallowed,complete,4.0,30.0,30.0,2026-01-02,2026-01-10,66.0,0.0,66.0,2.0,False
23f78989-bd59-462e-923e-2c484b2ee65c,5,AI-allowed,corrupted,4.0,60.0,100.0,2026-01-02,2026-01-03,170.0,0.0,240.0,3.0,False
cac50162-85a6-4c82-9b81-c3cd194714c4,5,AI-disallowed,incomplete,2.0,100.0,180.0,2026-01-02,2026-01-02,,,,,False
c87a7253-03ee-4fa5-a965-309181ecf76e,5,AI-allowed,complete,4.0,60.0,100.0,2026-01-02,2026-01-03,103.0,0.0,140.0,3.0,False
06932f49-b1cc-4928-985d-5722af0933fb,1,AI-disallowed,complete,4.0,20.0,15.0,2026-01-02,2026-01-02,14.0,0.0,20.0,2.0,False
7978db49-83c7-450d-a274-4bc4222358e4,5,AI-allowed,corrupted,4.0,60.0,100.0,2026-01-02,2026-01-03,189.0,0.0,240.0,3.0,False
0f76e152-7fbf-46f1-a0b6-fe0ea3b9a17d,18,AI-allowed,complete,3.0,30.0,30.0,2026-01-03,2026-01-03,33.0,0.0,33.0,3.0,False
3511a9c8-5f31-42a4-9fe0-645b78571e93,5,AI-allowed,complete,4.0,60.0,120.0,2026-01-03,2026-01-05,92.0,0.0,130.0,3.0,False
477cafb6-bff7-4835-8b54-15d535e12c03,1,AI-allowed,complete,3.0,20.0,20.0,2026-01-03,2026-01-07,119.0,0.0,119.0,3.0,False
1f1fb8de-08da-405c-9928-ef0b80b6c695,1,AI-disallowed,complete,4.0,20.0,20.0,2026-01-03,2026-01-07,19.0,0.0,19.0,2.0,False
f284677e-8005-49f8-adfe-c1abb96eacb1,18,AI-allowed,complete,3.0,60.0,60.0,2026-01-03,2026-01-04,85.0,0.0,180.0,2.0,False
90232d5c-fa9c-42e4-9cfa-f2673b37ccfb,41,AI-allowed,complete,4.0,15.0,30.0,2026-01-03,2026-02-21,30.0,0.0,30.0,1.0,False
6b73d8d1-fcac-491d-9309-96cef8b49abc,1,AI-allowed,complete,3.0,90.0,90.0,2026-01-04,2026-01-07,29.0,0.0,29.0,3.0,False
adda5cb9-e298-4430-a006-76e7d965e8f2,32,AI-disallowed,complete,3.0,20.0,35.0,2026-01-04,2026-01-04,36.0,5.0,25.0,3.0,False
c0f27077-1d02-4eb2-9bf8-185b8c95e128,41,AI-allowed,complete,1.0,30.0,180.0,2026-01-04,2026-01-06,45.0,60.0,180.0,3.0,False
beb69a42-684a-49e2-90b9-1e97475cbad7,1,AI-disallowed,incomplete,2.0,150.0,140.0,2026-01-05,2026-01-05,,,,,False
2786f888-4c40-4ba6-9710-1d89c006369a,29,AI-allowed,complete,5.0,15.0,20.0,2026-01-05,2026-01-05,0.0,16.0,20.0,2.0,False
a14ad564-3bf3-471e-809e-8354afe95b0b,2,AI-allowed,complete,2.0,240.0,560.0,2026-01-05,2026-01-11,290.0,30.0,800.0,4.0,False
62788314-a678-498d-9716-56a8c0c6e597,5,AI-disallowed,incomplete,3.0,90.0,120.0,2026-01-05,2026-01-05,,,,,False
348e6c56-9784-4e98-9397-d46823fa85ff,1,AI-disallowed,complete,2.0,175.0,180.0,2026-01-06,2026-01-10,158.0,0.0,147.0,3.0,False
6f7f382c-f856-45f2-a408-46ab19e0543f,50,AI-disallowed,complete,2.0,180.0,160.0,2026-01-06,2026-01-07,124.0,0.0,100.0,3.0,False
9bff047a-6a18-47be-a2b6-f3ea4837106b,50,AI-allowed,complete,5.0,30.0,30.0,2026-01-06,2026-01-12,21.0,0.0,21.0,1.0,False
52ac1356-595e-4b21-86f2-2c533f71cc96,33,AI-allowed,complete,2.0,120.0,300.0,2026-01-07,2026-01-21,208.0,35.0,328.0,4.0,False
9fc6d8e4-39ed-4674-87ae-a762e6fd6705,25,AI-allowed,complete,1.0,120.0,180.0,2026-01-07,2026-01-10,110.0,0.0,170.0,5.0,False
3a49581a-a051-43f0-9085-b86c554b5c07,50,AI-disallowed,complete,1.0,180.0,200.0,2026-01-07,2026-01-14,300.0,0.0,200.0,4.0,False
1bbc9d83-8d26-4c2e-89c0-8712388b8cbb,8,AI-allowed,complete,1.0,30.0,45.0,2026-01-08,2026-01-08,20.0,0.0,20.0,1.0,False
6664e837-8bad-4452-8f1b-015829095aaa,5,AI-allowed,incomplete,1.0,100.0,180.0,2026-01-08,2026-01-08,,,,,False
7c8119e9-631a-4f75-8f3d-008ed93d437b,5,AI-disallowed,incomplete,1.0,100.0,120.0,2026-01-08,2026-01-08,,,,,False
1fa12fbb-afcd-4ecb-9155-266c1bde2350,8,AI-disallowed,complete,1.0,30.0,35.0,2026-01-08,2026-01-12,14.0,0.0,13.0,1.0,False
50c4dd18-1000-44cc-bea8-9748c1974948,24,AI-disallowed,complete,4.0,1080.0,1200.0,2026-01-08,2026-01-18,1685.0,0.0,1655.0,4.0,False
386b73cb-0ea8-487a-b16a-7a119754966f,20,AI-disallowed,complete,3.0,60.0,90.0,2026-01-08,2026-01-12,100.0,30.0,60.0,2.0,False
60fbf819-2748-43cd-bee6-4f8f398ddcbe,49,AI-disallowed,incomplete,3.0,1800.0,1900.0,2026-01-08,2026-01-08,,,,,False
ac1b0b10-e64e-4c00-97d1-708f58c13854,49,AI-allowed,complete,5.0,90.0,90.0,2026-01-08,2026-01-17,206.0,86.0,300.0,3.0,False
1bcc7640-6c59-4f15-8946-ee60b6af8ba4,50,AI-disallowed,complete,1.0,150.0,170.0,2026-01-08,2026-01-14,161.0,34.0,160.0,4.0,False
8a30c5de-13c9-40fc-86ab-4b6fe21c0d10,43,AI-disallowed,complete,4.0,120.0,120.0,2026-01-09,2026-01-14,45.0,135.0,60.0,3.0,False
3c9a0be3-ab81-498c-855e-a48a56df6ffb,40,AI-disallowed,complete,3.0,200.0,200.0,2026-01-09,2026-01-28,120.0,60.0,150.0,4.0,False
7fe69c21-37fd-4b29-a665-1c7e959402ad,40,AI-disallowed,complete,2.0,90.0,90.0,2026-01-09,2026-01-28,75.0,30.0,100.0,3.0,False
0564009b-cfe0-4d96-bcb0-39e7b4c51145,20,AI-allowed,complete,3.0,60.0,90.0,2026-01-09,2026-01-21,55.0,10.0,70.0,3.0,False
338065ad-4b20-433a-9661-7b3495e67690,49,AI-allowed,complete,5.0,60.0,60.0,2026-01-09,2026-01-15,150.0,0.0,150.0,1.0,False
e349f9ff-9e08-4791-b249-5f9d8dcb8efe,45,AI-disallowed,complete,2.0,90.0,120.0,2026-01-09,2026-01-11,39.0,0.0,45.0,1.0,False
c73327ba-f8b1-4f4b-a759-eb852498da31,5,AI-disallowed,incomplete,1.0,90.0,120.0,2026-01-09,2026-01-09,,,,,False
65a2e1a6-f8e5-4ea7-8e4b-90c2ce637139,32,AI-allowed,complete,4.0,25.0,28.0,2026-01-10,2026-01-10,70.0,0.0,73.0,3.0,False
bba90e1a-7149-4b2d-8cce-041d6aef477f,25,AI-disallowed,complete,4.0,120.0,150.0,2026-01-10,2026-01-11,120.0,0.0,90.0,5.0,False
ff6ed8bd-8a8d-478b-8460-c16819894d62,56,AI-allowed,complete,4.0,600.0,840.0,2026-01-11,2026-01-17,740.0,169.0,3600.0,4.0,False
5c276c04-5379-435c-a7d1-0b6aa74f667e,1,AI-allowed,complete,3.0,40.0,45.0,2026-01-11,2026-01-12,52.0,0.0,52.0,3.0,False
d5f3736d-52dc-4e18-a730-b2366e6874ed,25,AI-disallowed,complete,4.0,120.0,150.0,2026-01-11,2026-01-12,230.0,0.0,130.0,5.0,False
f51fc4db-bec8-4b58-b441-f1539f297712,2,AI-disallowed,complete,5.0,45.0,90.0,2026-01-11,2026-01-31,200.0,40.0,45.0,4.0,False
82682220-47a4-4839-ba95-2688e6a46256,31,AI-disallowed,incomplete,4.0,20.0,60.0,2026-01-12,2026-02-14,45.0,0.0,22.0,3.0,False
ac0a8fc8-f537-4643-a0ba-e7b5fdeea28a,19,AI-disallowed,complete,3.0,120.0,130.0,2026-01-12,2026-02-18,306.0,0.0,320.0,3.0,False
e581ecb4-108d-407f-94c8-13d16c02ae0a,5,AI-disallowed,complete,4.0,90.0,120.0,2026-01-12,2026-01-17,120.0,0.0,90.0,3.0,False
17230963-2a32-41f6-a9cd-5a240c4d230c,25,AI-disallowed,complete,5.0,30.0,50.0,2026-01-12,2026-01-14,60.0,0.0,40.0,3.0,False
26e01449-c420-4bb5-902d-e391cd73b355,25,AI-allowed,complete,3.0,30.0,40.0,2026-01-12,2026-01-12,55.0,0.0,85.0,4.0,False
782c0957-79ff-4014-a368-1a9bd8650582,20,AI-allowed,complete,4.0,60.0,90.0,2026-01-12,2026-01-14,11.0,10.0,15.0,1.0,False
96a8f4f6-9cf0-428b-83d4-dfabbc8223d9,2,AI-allowed,complete,2.0,240.0,1800.0,2026-01-12,2026-01-31,780.0,30.0,2000.0,5.0,False
174df006-b84d-4d34-8cc7-0756b835177d,1,AI-allowed,complete,3.0,90.0,90.0,2026-01-12,2026-01-20,261.0,0.0,261.0,5.0,False
53674d17-2170-480a-9667-9faba3d8c6c7,49,AI-disallowed,complete,5.0,40.0,50.0,2026-01-12,2026-01-16,55.0,59.0,200.0,2.0,False
bf593a45-d668-4310-8899-1eba39e64e2f,5,AI-disallowed,complete,4.0,90.0,120.0,2026-01-12,2026-01-17,61.0,0.0,45.0,3.0,False
f0cc18f5-8261-4064-b0ea-7211c0746f2d,5,AI-disallowed,complete,4.0,90.0,120.0,2026-01-12,2026-01-17,85.0,0.0,60.0,3.0,False
05bb2944-e7a1-425a-97f9-3d7e0c505467,5,AI-allowed,complete,4.0,90.0,120.0,2026-01-12,2026-01-18,259.0,0.0,320.0,3.0,False
1baed2bd-f607-4335-b250-469448fec014,45,AI-disallowed,ditched,2.0,300.0,360.0,2026-01-12,2026-01-31,,,,,False
d10c0d0e-e5d0-43d1-b8d9-584cf9140be9,56,AI-allowed,complete,3.0,150.0,300.0,2026-01-13,2026-02-23,143.0,20.0,163.0,2.0,False
c67382e1-b581-4930-a85c-531340106e13,19,AI-allowed,complete,3.0,180.0,200.0,2026-01-13,2026-01-27,408.0,0.0,450.0,3.0,False
b1e09998-fe5e-43c1-b167-71b429142240,24,AI-disallowed,complete,4.0,1080.0,1200.0,2026-01-13,2026-01-26,1208.0,0.0,1178.0,4.0,False
d674c439-26c9-4bdb-81a0-f494941c7de7,1,AI-disallowed,complete,5.0,210.0,300.0,2026-01-13,2026-01-13,176.0,0.0,176.0,2.0,False
b11030cb-cb55-4f1c-a811-9d6e29a39ca1,8,AI-disallowed,complete,3.0,30.0,40.0,2026-01-13,2026-01-28,45.0,0.0,45.0,2.0,False
113a14d3-1806-4c52-97e7-3fb35c7c85ff,49,AI-allowed,complete,5.0,60.0,50.0,2026-01-13,2026-01-23,231.0,211.0,442.0,2.0,False
86684943-00ab-4352-8e77-acc7644f58c2,20,AI-disallowed,incomplete,5.0,60.0,90.0,2026-01-13,2026-01-13,,,,,False
e9b2ed93-d545-4529-a783-41bdfd057f3c,20,AI-disallowed,incomplete,5.0,60.0,90.0,2026-01-13,2026-01-13,,,,,False
fc22ddd0-b238-4ea8-acb9-202d2b3c3e3b,20,AI-allowed,complete,5.0,60.0,90.0,2026-01-13,2026-01-14,23.0,0.0,40.0,1.0,False
1640dc2d-f3fe-4ecf-8126-6f7fbe2cc9ba,8,AI-allowed,incomplete,4.0,20.0,25.0,2026-01-13,2026-01-13,,,,,False
73d3e146-0a5b-452c-b1f8-8d99744ba743,18,AI-disallowed,incomplete,3.0,180.0,180.0,2026-01-13,2026-01-14,40.0,,,,False
1ebc9eee-1c46-4dfe-ad1c-2dca5c07868b,51,AI-allowed,incomplete,4.0,8.0,5.0,2026-01-14,2026-01-14,,,,,False
f87631ef-0edb-48ec-bb59-0e60ee9a9823,51,AI-disallowed,complete,3.0,10.0,15.0,2026-01-14,2026-01-14,10.0,0.0,10.0,1.0,False
4772385a-77ec-40b4-a006-e1d8364358a9,5,AI-disallowed,complete,4.0,90.0,120.0,2026-01-14,2026-01-18,55.0,0.0,40.0,3.0,False
7a649068-69b1-4ff0-bfd1-df77d903b01f,25,AI-disallowed,complete,4.0,120.0,180.0,2026-01-14,2026-01-14,120.0,0.0,80.0,4.0,False
c86aaaf0-de3a-49eb-8b8d-b58913ce7def,44,AI-allowed,complete,2.0,120.0,60.0,2026-01-14,2026-01-14,125.0,0.0,180.0,3.0,False
f5d2dbf1-1289-488b-a15b-d1894c4b020c,44,AI-allowed,complete,1.0,180.0,230.0,2026-01-14,2026-01-15,290.0,0.0,400.0,4.0,False
fbfb93a3-eccb-4bc6-b2ca-fa9255e3f004,50,AI-allowed,complete,4.0,80.0,90.0,2026-01-14,2026-01-19,96.0,0.0,110.0,3.0,False
c8574ce0-c3a9-4e50-ba97-c7ad077b0a5c,1,AI-disallowed,complete,3.0,15.0,30.0,2026-01-14,2026-01-17,28.0,0.0,23.0,3.0,False
c529236e-420f-4ccf-b648-78ce87b049d0,19,AI-allowed,complete,3.0,200.0,240.0,2026-01-15,2026-01-30,1308.0,1134.0,2600.0,5.0,False
54c57a47-ce6e-4e86-8e84-9f5614ab7fc2,2,AI-allowed,complete,1.0,180.0,540.0,2026-01-15,2026-01-31,600.0,140.0,2000.0,5.0,False
e90e0438-7b1f-492e-a3e1-1135da6ae194,1,AI-allowed,complete,3.0,45.0,45.0,2026-01-15,2026-01-16,89.0,0.0,110.0,4.0,False
bc1d31a2-38f1-4467-88f6-827c7812935c,50,AI-disallowed,complete,4.0,20.0,20.0,2026-01-15,2026-01-21,11.0,7.0,11.0,1.0,False
6c3c9fad-4e07-484a-be9b-6bb056cb0e18,9,AI-disallowed,complete,2.0,180.0,210.0,2026-01-16,2026-01-27,210.0,20.0,180.0,3.0,False
de2efa07-f8e3-4f50-8d15-1e7c1168fb65,5,AI-allowed,incomplete,3.0,90.0,120.0,2026-01-16,2026-01-23,,,,,False
3cb79956-4003-44aa-883e-1a5fc02c5c2a,11,AI-disallowed,incomplete,4.0,15.0,20.0,2026-01-16,2026-01-16,,,,,False
cb4e06cf-b3e1-4e89-a93b-d72194f1f277,32,AI-disallowed,complete,3.0,40.0,45.0,2026-01-16,2026-01-16,64.0,0.0,55.0,3.0,False
be9480e4-8fa9-499b-ae4e-ef97a7d2669b,25,AI-allowed,complete,4.0,15.0,20.0,2026-01-16,2026-01-16,15.0,0.0,15.0,1.0,False
bc302502-9f3b-46a5-b2cd-b43c0f26e0e9,20,AI-disallowed,incomplete,3.0,120.0,150.0,2026-01-16,2026-01-16,,,,,False
0189ef03-b7da-4599-a2a1-0499431e4c3b,9,AI-allowed,incomplete,1.0,210.0,270.0,2026-01-16,2026-01-16,,,,,False
bd42aee8-6879-4109-a773-b84186cb3762,25,AI-allowed,complete,4.0,120.0,180.0,2026-01-16,2026-01-17,150.0,0.0,250.0,4.0,False
8f26775c-01d4-4933-9300-8e0d5f82c900,20,AI-allowed,complete,5.0,30.0,60.0,2026-01-16,2026-01-21,31.0,10.0,31.0,1.0,False
6a4d8c83-7647-4a5b-99bf-8630f1ae5988,56,AI-disallowed,complete,4.0,20.0,20.0,2026-01-17,2026-02-21,7.0,3.0,10.0,1.0,False
90eb6c7c-ea82-456f-aa07-fe0233764c2a,56,AI-disallowed,complete,4.0,300.0,480.0,2026-01-17,2026-01-18,81.0,0.0,80.0,2.0,False
fbe3e4b9-98b2-498f-91da-4c119f63522a,44,AI-allowed,complete,4.0,180.0,210.0,2026-01-17,2026-02-01,370.0,0.0,1000.0,4.0,False
4c92e443-ec88-4c09-bc63-19f7d0e8a514,44,AI-allowed,incomplete,1.0,150.0,200.0,2026-01-17,2026-01-17,,,,,False
4c3b5fb3-1af8-40ec-bc7a-58e1d2f18b30,44,AI-disallowed,incomplete,3.0,150.0,180.0,2026-01-17,2026-01-17,,,,,False
b8fb16c1-26a4-4955-a0ae-5b78a1e7a356,44,AI-disallowed,complete,1.0,60.0,80.0,2026-01-17,2026-01-25,912.0,0.0,180.0,5.0,False
074f7060-00d8-489d-bdc1-649c00df97c2,44,AI-disallowed,incomplete,1.0,180.0,230.0,2026-01-17,2026-01-17,,,,,False
743dd2e2-a7a1-48c0-a965-ab87f164b1a4,36,AI-disallowed,complete,4.0,15.0,30.0,2026-01-17,2026-01-17,0.0,16.0,20.0,2.0,False
5dc2f783-2e89-4c18-843a-2afa41e0beba,36,AI-disallowed,complete,2.0,30.0,45.0,2026-01-17,2026-01-17,28.0,0.0,10.0,1.0,False
5f4aa5aa-c6f5-4f24-820e-89e202d457ab,5,AI-allowed,complete,4.0,90.0,120.0,2026-01-18,2026-01-20,148.0,0.0,200.0,3.0,False
b52f1be7-bb21-4843-98de-c12e49e0d751,2,AI-disallowed,complete,4.0,360.0,1080.0,2026-01-18,2026-01-31,340.0,0.0,120.0,2.0,False
3eb428c1-b3b0-4468-9bfa-29bd83da2d6f,2,AI-disallowed,incomplete,5.0,360.0,1800.0,2026-01-18,2026-01-18,,,,,False
80a2e5b1-3775-447e-8994-6bb1fba309c5,2,AI-disallowed,incomplete,4.0,300.0,1800.0,2026-01-18,2026-01-18,,,,,False
d8a10e51-aa2f-4357-89b0-ea9630ce6e02,2,AI-disallowed,complete,2.0,120.0,300.0,2026-01-18,2026-01-31,130.0,0.0,80.0,2.0,False
f2df37a4-5188-41e3-8f04-7a1c3728d2dc,2,AI-allowed,complete,1.0,200.0,500.0,2026-01-18,2026-01-21,435.0,0.0,1000.0,4.0,False
ce2c6dea-df10-44d9-9c85-585c00c1e520,5,AI-allowed,incomplete,4.0,90.0,120.0,2026-01-18,2026-01-20,,,,,False
72e84ff5-334a-405d-8503-e60008e50c36,21,AI-allowed,complete,4.0,10.0,30.0,2026-01-18,2026-01-18,17.0,0.0,30.0,2.0,False
24d76a6a-9e7f-4a4a-bbff-d98f333b504e,21,AI-allowed,complete,2.0,10.0,30.0,2026-01-18,2026-01-19,45.0,12.0,60.0,2.0,False
59eca1e6-1fd5-4f26-97bf-8679baad665c,24,AI-allowed,complete,4.0,1200.0,1260.0,2026-01-18,2026-01-23,1211.0,0.0,1271.0,4.0,False
ecc8100b-5758-4d32-99a4-52653b58de4e,49,AI-disallowed,complete,5.0,200.0,220.0,2026-01-18,2026-01-23,82.0,7.0,100.0,1.0,False
ce6a2477-1e22-49bd-a0bc-ab09e0ecba66,53,AI-allowed,complete,4.0,60.0,80.0,2026-01-19,2026-01-19,151.0,21.0,200.0,2.0,False
4caff974-f8f6-4bef-9f3f-97cefb709156,36,AI-allowed,complete,3.0,30.0,45.0,2026-01-19,2026-01-19,32.0,0.0,60.0,2.0,False
e8f24e28-fd95-41bc-b419-0b4334ed6721,50,AI-allowed,ditched,1.0,180.0,220.0,2026-01-19,2026-02-19,,,,,False
0d9a6572-bcbd-4646-9301-3bac2cf5226d,18,AI-allowed,complete,3.0,240.0,240.0,2026-01-19,2026-01-29,510.0,0.0,600.0,4.0,False
342ded83-e148-453a-8de6-22b5711c89cc,5,AI-disallowed,incomplete,4.0,90.0,120.0,2026-01-20,2026-01-20,,,,,False
acd73f03-c0a0-42a5-87e4-1e4c78a0d46f,9,AI-disallowed,complete,1.0,180.0,240.0,2026-01-20,2026-01-27,150.0,10.0,120.0,2.0,False
4f728a16-3aa7-4fdd-b873-40569ff11c50,5,AI-allowed,incomplete,4.0,60.0,90.0,2026-01-20,2026-01-20,,,,,False
4cd4baba-673d-4110-bfdc-a2fd6ecbe6a6,45,AI-allowed,ditched,2.0,360.0,420.0,2026-01-20,2026-02-18,120.0,,,,False
8b4625ed-ff0a-43a8-9854-0d2d6428b9c7,2,AI-disallowed,complete,1.0,300.0,1800.0,2026-01-21,2026-01-31,765.0,120.0,100.0,5.0,False
4abd5ed6-4be4-4d2d-b17b-11978569543c,33,AI-disallowed,complete,2.0,150.0,300.0,2026-01-21,2026-01-24,435.0,55.0,180.0,4.0,False
988dbccb-7a0d-4048-963d-c22598fc3ebd,5,AI-allowed,complete,2.0,90.0,120.0,2026-01-21,2026-01-23,77.0,0.0,40.0,1.0,False
e75cd75d-b4d0-4603-b07f-06eb86a32279,5,AI-disallowed,incomplete,3.0,100.0,150.0,2026-01-21,2026-01-21,,,,,False
d364312c-1f96-4f1c-b120-a5981eee6da5,5,AI-allowed,incomplete,1.0,100.0,150.0,2026-01-22,2026-01-22,,,,,False
bdba63f8-c214-4ab3-9a07-04084224f722,5,AI-allowed,incomplete,3.0,90.0,120.0,2026-01-22,2026-01-22,,,,,False
2ffe1244-b2bd-47f3-b8e3-32fee1a1fc83,33,AI-disallowed,incomplete,1.0,20.0,40.0,2026-01-22,2026-01-22,,,,,False
f2a65107-6185-4adf-bc4a-bac4708a374c,33,AI-allowed,complete,1.0,60.0,120.0,2026-01-22,2026-01-22,77.0,0.0,180.0,1.0,False
8f6dbd64-2e74-47bd-badb-d8d06da6b056,7,AI-disallowed,complete,4.0,120.0,120.0,2026-01-22,2026-01-30,88.0,0.0,80.0,2.0,False
ee49968a-cb0b-4517-972b-3ce44be72e34,5,AI-disallowed,incomplete,2.0,90.0,120.0,2026-01-22,2026-01-22,,,,,False
adb11855-6d81-45c5-9b35-413d0f005a03,5,AI-allowed,incomplete,3.0,90.0,120.0,2026-01-22,2026-01-22,,,,,False
3044d60d-b44b-4948-b0b2-8ee7e0695f6b,20,AI-disallowed,incomplete,4.0,120.0,150.0,2026-01-22,2026-01-22,,,,,False
853958ac-731c-4e0e-9457-f64ec9be1ddc,49,AI-disallowed,complete,3.0,500.0,600.0,2026-01-22,2026-02-16,532.0,42.0,600.0,3.0,False
f2bc164d-bac7-49ac-a872-25f6d0b9f4df,24,AI-disallowed,complete,4.0,1080.0,1188.0,2026-01-23,2026-01-30,768.0,0.0,690.0,3.0,False
acbe1545-5ccc-4d24-8156-638f591a3a22,25,AI-allowed,complete,4.0,20.0,30.0,2026-01-23,2026-01-30,35.0,0.0,45.0,3.0,False
117f05a4-bb29-43ad-aff1-4285d607d66c,9,AI-allowed,incomplete,1.0,240.0,270.0,2026-01-23,2026-01-30,,,,,False
da653f17-575f-40c8-9308-2b39c14d0eb7,50,AI-allowed,complete,4.0,30.0,30.0,2026-01-23,2026-02-05,30.0,0.0,30.0,1.0,False
6407ab8c-e259-4b2d-b043-e7daa8652cf8,50,AI-disallowed,complete,4.0,20.0,20.0,2026-01-23,2026-02-04,21.0,0.0,21.0,1.0,False
41cf1d51-6631-495a-96ce-9581e1ef2824,5,AI-disallowed,incomplete,1.0,100.0,180.0,2026-01-23,2026-01-23,,,,,False
23a3f7ea-e6d0-400e-af26-fd868e876d76,5,AI-allowed,incomplete,2.0,100.0,240.0,2026-01-23,2026-01-23,,,,,False
39416885-91e0-4f33-95b6-252f374f00c6,49,AI-disallowed,incomplete,3.0,500.0,400.0,2026-01-24,2026-01-24,,,,,False
717a1dba-6621-4854-941e-340771f3e7b9,10,AI-allowed,complete,3.0,30.0,10.0,2026-01-25,2026-01-25,10.0,1.0,20.0,1.0,False
8e10bd67-8c2e-41e8-84a4-bb55a97c6e9b,33,AI-disallowed,complete,3.0,60.0,120.0,2026-01-25,2026-01-27,62.0,4.0,70.0,2.0,False
96f8fa50-b458-48c0-b91b-4016c18859e6,32,AI-allowed,complete,1.0,60.0,45.0,2026-01-25,2026-01-31,29.0,0.0,30.0,2.0,False
81244aac-43a7-459d-9f04-f96c75373770,33,AI-allowed,complete,3.0,120.0,180.0,2026-01-25,2026-01-25,89.0,0.0,240.0,3.0,False
36ae9b76-315e-4396-9cb7-25a725ab3a80,32,AI-disallowed,complete,1.0,40.0,45.0,2026-01-25,2026-01-25,62.0,0.0,60.0,2.0,False
b898cd82-1e8f-427a-ad24-19bfab657005,5,AI-allowed,incomplete,3.0,30.0,50.0,2026-01-25,2026-01-25,,,,,False
f3fb246f-be49-4691-9c1c-98b867fded52,5,AI-disallowed,incomplete,3.0,90.0,120.0,2026-01-26,2026-01-26,,,,,False
b0a4e948-39ab-41fd-ab0d-b29081345a57,5,AI-disallowed,incomplete,3.0,90.0,120.0,2026-01-26,2026-01-26,,,,,False
d6e879b7-6548-476c-803a-426976a3a373,5,AI-allowed,incomplete,1.0,70.0,100.0,2026-01-26,2026-01-27,,,,,False
42fba9f8-c988-4564-975f-fa62ceb9f35b,5,AI-disallowed,incomplete,4.0,70.0,100.0,2026-01-26,2026-01-26,,,,,False
c8784fbf-652a-4b6c-91f5-89d286a77c09,33,AI-disallowed,ditched,1.0,40.0,80.0,2026-01-26,2026-01-26,,,,,False
0b29dd39-287a-4168-b7a6-4efd1fcf29f5,24,AI-allowed,incomplete,4.0,1200.0,1260.0,2026-01-26,2026-01-26,,,,,False
5664ca37-c8c0-407e-9c94-5231b525bca9,9,AI-allowed,complete,2.0,210.0,240.0,2026-01-26,2026-01-27,235.0,15.0,280.0,4.0,False
5f349b73-0e41-446d-b681-c21ff5bb9596,44,AI-disallowed,incomplete,3.0,120.0,150.0,2026-01-26,2026-01-26,,,,,False
9cfe54e9-3fa6-4142-9738-f5c0a2d805fc,20,AI-allowed,complete,3.0,60.0,90.0,2026-01-26,2026-01-27,120.0,10.0,150.0,3.0,False
62fe0862-e938-4a08-8631-6928b6a5c2d6,20,AI-disallowed,complete,4.0,60.0,70.0,2026-01-26,2026-01-27,20.0,10.0,15.0,2.0,False
00f8c2ad-6f32-4428-af4d-ee424c05f761,17,AI-disallowed,complete,2.0,30.0,45.0,2026-01-26,2026-01-29,30.0,0.0,30.0,1.0,False
e19b5db3-3d4e-4267-8a49-301f283094b2,28,AI-disallowed,complete,1.0,120.0,180.0,2026-01-27,2026-01-30,383.0,0.0,300.0,3.0,False
eaa41459-a49f-485d-bf8d-332f24ca300e,9,AI-allowed,complete,3.0,180.0,210.0,2026-01-27,2026-01-28,160.0,15.0,175.0,2.0,False
d5553cd8-80df-4745-b3e5-9064b1183b06,1,AI-disallowed,complete,3.0,45.0,45.0,2026-01-27,2026-02-10,70.0,0.0,68.0,3.0,False
b03a3da9-3bc1-4ae6-8889-39679150be2a,1,AI-allowed,complete,4.0,45.0,45.0,2026-01-27,2026-02-08,26.0,0.0,26.0,3.0,False
e9d621a2-19d3-43d6-ad0f-a8be793108d2,5,AI-allowed,complete,2.0,90.0,120.0,2026-01-28,2026-02-08,104.0,0.0,120.0,2.0,False
38d23b46-17c4-44d1-8968-3888e2454675,1,AI-allowed,incomplete,3.0,120.0,150.0,2026-01-28,2026-01-28,,,,,False
652850b8-2b43-4d41-8ce4-57ecee4d753d,33,AI-disallowed,complete,1.0,40.0,60.0,2026-01-28,2026-01-28,65.0,0.0,90.0,2.0,False
d8bf9f2c-7407-422b-b7b3-99a638e22cd1,2,AI-allowed,complete,5.0,120.0,240.0,2026-01-28,2026-01-31,445.0,60.0,1000.0,4.0,False
e0777166-499a-4ce3-9c0c-13eace5b1b68,9,AI-disallowed,complete,2.0,180.0,210.0,2026-01-28,2026-01-29,220.0,30.0,180.0,4.0,False
59a339af-ab3c-4ff9-98f6-a6731f5993d4,53,AI-allowed,incomplete,3.0,180.0,216.0,2026-01-28,2026-01-28,,,,,False
3c948dc4-d788-4005-9724-a858383b4d1b,50,AI-disallowed,complete,1.0,40.0,50.0,2026-01-28,2026-01-29,47.0,0.0,40.0,2.0,False
efb0c5d7-4e80-4721-9cab-0e120d76c081,18,AI-disallowed,complete,3.0,120.0,180.0,2026-01-29,2026-01-31,225.0,0.0,200.0,3.0,False
d1681c99-ceb3-4678-b8f7-0c8098feaec7,51,AI-allowed,complete,4.0,60.0,90.0,2026-01-29,2026-01-31,101.0,0.0,110.0,3.0,False
d573c573-6414-4d0c-b509-40170d2f7737,33,AI-disallowed,ditched,1.0,30.0,45.0,2026-01-29,2026-01-31,,,,,False
1b88008a-7d6f-48af-8141-171d97585f84,50,AI-allowed,complete,5.0,15.0,15.0,2026-01-29,2026-01-29,7.0,0.0,7.0,1.0,False
02f80e47-9eff-4b8d-ad15-767572bbceb6,50,AI-disallowed,complete,2.0,130.0,150.0,2026-01-29,2026-02-16,376.0,0.0,376.0,4.0,False
76702f8a-236b-4715-b1e8-9639bf4da511,5,AI-disallowed,incomplete,4.0,90.0,120.0,2026-01-30,2026-01-30,,,,,False
d34bab46-4ecd-46f0-a240-f5e912d030b0,5,AI-disallowed,incomplete,4.0,90.0,120.0,2026-01-30,2026-01-30,,,,,False
455f3169-bdd9-4526-b5de-7cf81827c7d4,5,AI-disallowed,incomplete,4.0,60.0,120.0,2026-01-30,2026-01-30,,,,,False
e4d95a2f-ecba-4405-9dcb-e04a942c3602,5,AI-allowed,complete,4.0,60.0,90.0,2026-01-30,2026-01-30,124.0,0.0,180.0,3.0,False
db64a757-0855-4bba-ac14-5c3e1b0e5adf,20,AI-allowed,complete,4.0,30.0,50.0,2026-01-30,2026-01-30,51.0,10.0,90.0,2.0,False
13b7c9c9-d4be-4dc1-85d2-2edad0dccd74,25,AI-allowed,complete,3.0,450.0,600.0,2026-01-30,2026-02-11,360.0,0.0,550.0,4.0,False
5d0b4e7c-b82d-488e-b5b1-39b059546962,9,AI-allowed,incomplete,2.0,150.0,210.0,2026-01-30,2026-02-10,,,,,False
41cdf96d-492f-4393-a898-adcb7a534311,28,AI-disallowed,complete,3.0,360.0,420.0,2026-01-30,2026-01-31,446.0,0.0,380.0,3.0,False
07af979e-f946-41e8-99bc-458b4d93ff49,7,AI-disallowed,complete,3.0,90.0,180.0,2026-01-30,2026-01-30,56.0,0.0,30.0,3.0,False
e33cffa8-3540-4129-889b-f399d0002898,32,AI-disallowed,ditched,2.0,30.0,30.0,2026-01-31,2026-01-31,,,,,False
46468f5e-0dac-44ba-b4b5-0ce28fe0b7ff,9,AI-allowed,incomplete,2.0,180.0,240.0,2026-01-31,2026-02-02,,,,,False
4d4c4063-0adc-44d6-a104-5077988571f6,45,AI-allowed,complete,4.0,30.0,60.0,2026-01-31,2026-02-02,28.0,0.0,60.0,1.0,False
8afa01b1-e947-48cc-805d-5c15b017237b,7,AI-disallowed,complete,1.0,30.0,60.0,2026-01-31,2026-02-06,106.0,27.0,100.0,3.0,False
7c86d876-c5a7-4484-98f5-e840a2367e86,28,AI-allowed,complete,1.0,210.0,360.0,2026-01-31,2026-01-31,250.0,0.0,290.0,4.0,False
f4f0d18b-9762-4361-b5bd-4d19bed9fc0c,51,AI-allowed,complete,3.0,60.0,60.0,2026-01-31,2026-01-31,145.0,0.0,120.0,2.0,False
21747928-ca66-4449-83e4-638501cba9a2,20,AI-disallowed,incomplete,4.0,60.0,90.0,2026-01-31,2026-01-31,,,,,False
8bc43bce-bdde-4d30-a839-56f195fc02d6,45,AI-allowed,complete,4.0,120.0,180.0,2026-01-31,2026-02-18,266.0,54.0,400.0,4.0,False
8b3f6abd-e034-47db-bc9b-73812a96a4b8,31,AI-allowed,incomplete,1.0,120.0,240.0,2026-02-01,2026-02-14,60.0,0.0,120.0,3.0,False
73725464-eeb0-4f4c-bb54-1fc5e14de5ab,31,AI-disallowed,incomplete,1.0,120.0,240.0,2026-02-01,2026-02-14,90.0,0.0,45.0,3.0,False
f3327152-b69a-4660-a5b0-1cb8678c5f42,31,AI-disallowed,incomplete,1.0,120.0,240.0,2026-02-01,2026-02-14,120.0,0.0,60.0,3.0,False
4b673166-03f0-4614-a4b3-b100389725ab,24,AI-allowed,incomplete,4.0,1080.0,1200.0,2026-02-01,2026-02-01,,,,,False
3c6bb585-e7a1-40e7-a55c-f46f5537ead1,32,AI-disallowed,complete,3.0,180.0,200.0,2026-02-01,2026-02-01,113.0,0.0,105.0,1.0,False
943f1f44-e842-442b-b310-547a974c90a1,9,AI-allowed,complete,3.0,180.0,240.0,2026-02-01,2026-02-02,130.0,0.0,130.0,3.0,False
4d2178de-0c19-4e0b-a04b-4f39c587698f,32,AI-disallowed,complete,1.0,100.0,120.0,2026-02-01,2026-02-01,62.0,15.0,60.0,4.0,False
f2e399ae-17ba-4146-860a-60227f341606,36,AI-allowed,complete,4.0,20.0,20.0,2026-02-01,2026-02-10,13.0,0.0,25.0,2.0,False
d1684435-7f43-443b-8a02-537172fd3c56,36,AI-disallowed,complete,1.0,30.0,120.0,2026-02-01,2026-02-10,60.0,0.0,30.0,3.0,False
47c2c58f-a162-456d-afa3-f2cd684e30be,9,AI-allowed,complete,2.0,120.0,120.0,2026-02-01,2026-02-02,170.0,0.0,240.0,4.0,False
136c175b-eac3-4661-adf8-d8868d0e626c,45,AI-disallowed,complete,2.0,90.0,150.0,2026-02-01,2026-02-04,54.0,1.0,30.0,2.0,False
b32263e5-6e13-492d-8d10-1d58f7ded071,20,AI-disallowed,incomplete,3.0,120.0,150.0,2026-02-01,2026-02-01,,,,,False
0967abb7-fc83-4a44-9390-1eda51670409,20,AI-allowed,complete,4.0,30.0,60.0,2026-02-01,2026-02-02,10.0,10.0,10.0,2.0,False
84cf5bf4-d222-4595-87e3-05f021612086,20,AI-disallowed,complete,4.0,60.0,90.0,2026-02-01,2026-02-02,22.0,10.0,20.0,2.0,False
de70f8ba-b480-4d20-8807-b8e2c15f6e3b,18,AI-allowed,complete,3.0,120.0,120.0,2026-02-01,2026-02-21,428.0,0.0,600.0,4.0,False
56b27d22-0b15-4552-8905-3cce7773f672,28,AI-allowed,incomplete,1.0,480.0,600.0,2026-02-02,2026-02-05,,,,,False
7f7aa761-b3c4-47a3-af51-5ce1f87d03ef,17,AI-allowed,complete,5.0,10.0,10.0,2026-02-03,2026-02-05,7.0,0.0,7.0,1.0,False
6ca619be-d9bc-46c8-8309-3784ea79bf23,20,AI-disallowed,incomplete,4.0,60.0,90.0,2026-02-03,2026-02-03,60.0,,,,False
0a8d8ca7-3e00-4dab-8bd2-83984402e533,50,AI-disallowed,complete,4.0,20.0,25.0,2026-02-03,2026-02-04,19.0,0.0,19.0,2.0,False
2f6cae73-63af-4e5a-ab0f-4ba99b11b28b,50,AI-disallowed,complete,4.0,45.0,70.0,2026-02-03,2026-02-11,64.0,293.0,340.0,5.0,False
5ec8b402-1304-4e1b-9432-f2b5920b038a,5,AI-disallowed,incomplete,2.0,50.0,70.0,2026-02-04,2026-02-04,,,,,False
e132765d-83cd-4a0c-8df3-643895cc39fc,45,AI-allowed,ditched,3.0,30.0,45.0,2026-02-04,2026-02-18,31.0,,,,False
a3e57a6e-de52-454a-a5c9-aa92d4962f53,17,AI-allowed,complete,2.0,10.0,10.0,2026-02-05,2026-02-20,39.0,0.0,39.0,3.0,False
b901b8a4-b144-4ad2-ac7a-6e0711a89c89,44,AI-allowed,complete,5.0,60.0,90.0,2026-02-05,2026-02-10,36.0,0.0,70.0,1.0,False
4faddcf5-42fd-4ee5-848f-985dbe3eb3da,50,AI-allowed,ditched,1.0,40.0,40.0,2026-02-06,2026-02-19,,,,,False
3565449b-4ec6-4e86-89f8-af5cf5ee7460,9,AI-disallowed,incomplete,2.0,180.0,180.0,2026-02-06,2026-02-23,,,,,False
026ed618-7c26-4e0b-a54d-55f8ae66ecb5,57,AI-disallowed,complete,1.0,15.0,20.0,2026-02-06,2026-02-06,35.0,0.0,45.0,2.0,False
b41e8fa5-8132-49fc-a26b-a666f5dfb31a,18,AI-disallowed,complete,2.0,30.0,30.0,2026-02-07,2026-02-07,25.0,25.0,5.0,2.0,False
643444bb-dc98-4511-a430-cf94030bbcdb,18,AI-disallowed,complete,3.0,15.0,45.0,2026-02-07,2026-02-07,60.0,0.0,45.0,2.0,False
c33c9561-bdb7-4b4c-b6ab-3055ef41271b,18,AI-allowed,complete,3.0,40.0,40.0,2026-02-08,2026-02-08,15.0,0.0,15.0,2.0,False
14667548-73fa-49bc-8a35-f32a2db38f03,1,AI-disallowed,complete,4.0,45.0,45.0,2026-02-08,2026-02-09,49.0,0.0,49.0,3.0,False
7c6d36e5-091a-4a36-82d9-568ed626a5d8,57,AI-disallowed,complete,1.0,120.0,160.0,2026-02-08,2026-02-09,360.0,0.0,300.0,3.0,False
bfe8338d-c287-4132-b63a-2623a2c1769b,5,AI-allowed,complete,3.0,70.0,100.0,2026-02-08,2026-02-09,160.0,0.0,200.0,3.0,False
d3b183d0-74eb-4efc-972b-f1e751fffea9,5,AI-allowed,incomplete,3.0,120.0,200.0,2026-02-09,2026-02-09,,,,,False
dde02224-3114-43dd-a6bd-5009e183f1c3,42,AI-allowed,incomplete,1.0,500.0,650.0,2026-02-09,2026-02-11,,,,,False
36ca5f22-eb48-450b-950a-37c056ed846a,2,AI-allowed,complete,3.0,240.0,480.0,2026-02-09,2026-02-11,600.0,50.0,1000.0,4.0,False
89ad1297-28eb-4745-8ee1-cf0f686a7d13,57,AI-allowed,complete,1.0,20.0,30.0,2026-02-09,2026-02-09,43.0,0.0,60.0,2.0,False
9a0eb09a-dc72-4459-a621-3a3ecbbd5bd7,32,AI-disallowed,complete,3.0,20.0,20.0,2026-02-09,2026-02-09,14.0,0.0,14.0,2.0,False
b75d8d7d-bee6-46ea-b80c-eb270710dfd2,57,AI-allowed,complete,1.0,90.0,120.0,2026-02-09,2026-02-09,150.0,0.0,250.0,4.0,False
467bf8f7-abc7-42a4-a5a7-05de2c73ed35,57,AI-allowed,complete,1.0,90.0,120.0,2026-02-09,2026-02-09,105.0,0.0,140.0,4.0,False
5d73e4b8-3e83-48ec-bfe3-1bd5f42c8659,20,AI-disallowed,complete,4.0,60.0,80.0,2026-02-09,2026-02-11,42.0,10.0,30.0,2.0,False
aab82faa-f252-46e2-a96d-33bb68d86379,49,AI-allowed,incomplete,3.0,150.0,200.0,2026-02-09,2026-02-09,,,,,False
314fb5ea-3d13-4eb2-8aff-13b4f4195aee,36,AI-allowed,complete,1.0,45.0,120.0,2026-02-10,2026-02-11,84.0,0.0,240.0,3.0,False
1c7d8b94-2e8c-4199-93ce-9ccc70fcef84,5,AI-allowed,incomplete,3.0,120.0,200.0,2026-02-10,2026-02-18,,,,,False
672a0be3-e216-427c-9a92-90e157448950,50,AI-disallowed,complete,3.0,70.0,80.0,2026-02-10,2026-02-11,104.0,0.0,90.0,3.0,False
ce49d0f9-ef61-4aad-b70e-32369dc00d8b,9,AI-allowed,incomplete,3.0,120.0,120.0,2026-02-11,2026-02-13,,,,,False
b44b135d-f8a6-44a6-bca5-d1859c7be364,2,AI-allowed,complete,2.0,150.0,400.0,2026-02-11,2026-02-12,325.0,0.0,800.0,3.0,False
a0d02cd6-4183-404c-8310-f4213d8964be,57,AI-allowed,complete,1.0,120.0,180.0,2026-02-11,2026-02-11,70.0,0.0,100.0,3.0,False
6d696fb3-7e09-4f17-bd86-879b7ba2d114,36,AI-allowed,complete,2.0,10.0,20.0,2026-02-11,2026-02-11,18.0,0.0,30.0,2.0,False
0ac0d370-91a8-42cd-adc4-c5cff26bda58,49,AI-allowed,incomplete,1.0,400.0,600.0,2026-02-11,2026-02-11,,,,,False
4708cbd8-c983-4ca3-9b0e-dfdb0dd21f2e,42,AI-allowed,incomplete,2.0,200.0,250.0,2026-02-11,2026-02-11,,,,,False
e0449b29-135d-4b09-8958-44a17959768f,50,AI-allowed,complete,1.0,180.0,200.0,2026-02-11,2026-02-19,390.0,10.0,420.0,4.0,False
60881051-3291-48c1-a2b6-e2baced85484,57,AI-disallowed,complete,1.0,140.0,240.0,2026-02-11,2026-02-13,188.0,0.0,90.0,3.0,False
f8a8dbeb-2549-43ac-967b-b65e2d7a87f9,25,AI-allowed,complete,4.0,300.0,400.0,2026-02-12,2026-02-21,245.0,0.0,400.0,4.0,False
7b6cabcc-0abe-4a56-8f6a-e17e62baa730,25,AI-disallowed,complete,1.0,400.0,500.0,2026-02-12,2026-02-20,650.0,0.0,400.0,5.0,False
3ca11d40-2971-437b-a329-325b2d19ee71,2,AI-allowed,complete,4.0,120.0,200.0,2026-02-12,2026-02-21,255.0,90.0,520.0,4.0,False
eda2182b-bf5d-4ecc-b75e-5aa1b370385c,2,AI-allowed,complete,2.0,180.0,360.0,2026-02-12,2026-02-21,100.0,50.0,250.0,2.0,False
e9b20a3a-e02b-4864-8efa-e7c718cfb689,2,AI-allowed,complete,3.0,180.0,400.0,2026-02-12,2026-02-21,490.0,190.0,1150.0,4.0,False
a2af7f1d-6b0a-4c8d-8d46-e24bc8fc2d14,2,AI-allowed,complete,2.0,180.0,400.0,2026-02-12,2026-02-19,50.0,35.0,240.0,3.0,False
f2f90e34-edfd-4459-b8d5-52739e5b27d4,2,AI-allowed,complete,1.0,300.0,700.0,2026-02-12,2026-02-22,310.0,0.0,800.0,3.0,False
2c327249-c50a-408c-a0d6-1b64cbf97059,57,AI-allowed,complete,1.0,30.0,50.0,2026-02-12,2026-02-12,52.0,0.0,25.0,1.0,False
bff2e297-8e95-4b72-b745-cf5037da7c9a,49,AI-allowed,incomplete,3.0,500.0,700.0,2026-02-12,2026-02-12,,,,,False
f971306b-052a-4b5d-8613-6ece84fff6aa,33,AI-allowed,complete,1.0,120.0,180.0,2026-02-13,2026-02-13,134.0,0.0,210.0,4.0,False
f6e1da98-51af-4852-93b8-cca93e0fd1b7,36,AI-allowed,complete,3.0,60.0,240.0,2026-02-13,2026-02-13,84.0,0.0,240.0,3.0,False
5e854836-9fe1-4e0f-b13e-98f91495c76a,57,AI-disallowed,complete,1.0,20.0,25.0,2026-02-13,2026-02-14,280.0,0.0,180.0,4.0,False
1979be03-fa91-4700-9ffa-9dd3cdd51f44,33,AI-allowed,ditched,1.0,160.0,240.0,2026-02-14,2026-02-14,,,,,False
5b15a6d7-2128-40ba-b508-a0cf4e105a20,8,AI-disallowed,incomplete,1.0,40.0,60.0,2026-02-15,2026-02-18,167.0,,40.0,4.0,False
c2a55d17-67d5-411c-8e93-af15c1e66e1f,57,AI-disallowed,complete,1.0,240.0,300.0,2026-02-15,2026-02-16,286.0,0.0,200.0,4.0,False
4e712646-7207-4900-920d-9729a40937c3,2,AI-allowed,incomplete,1.0,90.0,180.0,2026-02-15,2026-02-15,,,,,False
4e46ec1b-1330-4d3c-bce1-60331a43622b,2,AI-allowed,complete,1.0,120.0,300.0,2026-02-15,2026-02-19,50.0,35.0,240.0,3.0,False
88c3b298-8982-44e7-b752-b18ad892437e,25,AI-allowed,complete,4.0,40.0,40.0,2026-02-16,2026-02-16,115.0,0.0,130.0,5.0,False
aa486df6-31ff-4ee9-b6f5-dc576a8952bf,43,AI-allowed,incomplete,2.0,360.0,540.0,2026-02-16,2026-02-16,,,,,False
d3520ef1-6555-4309-8e29-3895023229fe,33,AI-allowed,incomplete,1.0,120.0,240.0,2026-02-16,2026-02-16,,,,,False
c214a2b2-7c70-47be-bfbd-31f246451a83,2,AI-allowed,complete,2.0,180.0,500.0,2026-02-16,2026-02-22,245.0,0.0,600.0,3.0,False
bf5a1b56-f18a-40f4-bf82-86ec9481a39f,33,AI-disallowed,complete,1.0,90.0,180.0,2026-02-16,2026-02-17,82.0,0.0,60.0,3.0,False
27fc1268-de65-4bcc-abbc-650bf487c283,33,AI-disallowed,complete,1.0,30.0,60.0,2026-02-16,2026-02-18,45.0,0.0,60.0,1.0,False
3e818dfa-7c87-49eb-8b15-3b2f27ddfc85,33,AI-allowed,incomplete,1.0,240.0,480.0,2026-02-16,2026-02-16,,,,,False
6537bfc2-66b8-439e-8a91-4c4d0137f371,20,AI-allowed,complete,4.0,60.0,80.0,2026-02-16,2026-02-18,66.0,10.0,80.0,2.0,False
0138ce19-b407-4c20-b6a7-08b1e0b89488,25,AI-disallowed,complete,1.0,90.0,90.0,2026-02-16,2026-02-16,90.0,0.0,85.0,4.0,False
5a631c0b-969b-43ef-b1e4-ad196a076957,33,AI-disallowed,incomplete,1.0,60.0,120.0,2026-02-16,2026-02-16,,,,,False
7c0799f8-ee6a-44fb-b233-5f6e5bf039c2,2,AI-allowed,complete,4.0,90.0,180.0,2026-02-16,2026-02-21,850.0,240.0,1800.0,5.0,False
2af54305-e1d9-4f27-818b-6adc8287ad51,5,AI-allowed,incomplete,3.0,70.0,100.0,2026-02-16,2026-02-18,,,,,False
140b6371-9722-40f0-852c-1069921a2ae1,2,AI-disallowed,incomplete,1.0,240.0,480.0,2026-02-16,2026-02-16,,,,,False
b8b8114e-3124-4d84-82ca-a0a4ace31bc8,49,AI-disallowed,incomplete,1.0,800.0,1500.0,2026-02-16,2026-02-16,,,,,False
915b4d24-4a57-41b5-9588-ceb7626ec579,19,AI-allowed,incomplete,3.0,300.0,350.0,2026-02-17,2026-02-17,,,,,False
76f10c89-b0f9-4868-90de-20164a849321,57,AI-allowed,complete,1.0,60.0,180.0,2026-02-18,2026-02-18,306.0,0.0,450.0,4.0,False
c2731172-f62b-4b7c-82cd-d2361eec0076,18,AI-disallowed,complete,3.0,60.0,120.0,2026-02-18,2026-02-18,25.0,98.0,180.0,3.0,False
99cbf905-5c8c-4c66-a758-7a10d93d0b1d,2,AI-allowed,complete,3.0,180.0,400.0,2026-02-18,2026-02-22,45.0,0.0,240.0,3.0,False
ed80b3f6-1a8d-4bdb-9f5f-9002c038d1a4,19,AI-allowed,incomplete,3.0,220.0,240.0,2026-02-18,2026-02-18,,,,,False
b34cf063-c381-49f7-958c-2d50f76e2958,5,AI-allowed,complete,4.0,60.0,100.0,2026-02-18,2026-02-19,127.0,0.0,150.0,3.0,False
52f6cbb0-b40e-41c7-b867-ebc033861663,57,AI-allowed,complete,1.0,220.0,340.0,2026-02-18,2026-02-19,258.0,0.0,280.0,3.0,False
b32761a1-a944-4194-ae4a-5b1a1f82af6f,50,AI-allowed,ditched,4.0,20.0,20.0,2026-02-18,2026-02-19,,,,,False
a2953cc8-21cb-4997-98f0-cd3de8adf944,5,AI-disallowed,incomplete,3.0,40.0,60.0,2026-02-19,2026-02-19,,,,,False
3075e537-2650-404d-85c6-49eb97d91de3,57,AI-allowed,complete,1.0,70.0,90.0,2026-02-19,2026-02-19,240.0,0.0,320.0,4.0,False
d66448c7-95c1-431b-833d-ad75a4c18cbc,17,AI-allowed,incomplete,3.0,30.0,45.0,2026-02-19,2026-02-20,84.0,,,3.0,False
31a7a8de-6814-4558-abd9-338d5546440e,20,AI-allowed,incomplete,3.0,120.0,150.0,2026-02-19,2026-02-19,73.0,,,,False
22e8de8f-42c4-44ac-985b-10105286be10,50,AI-allowed,incomplete,3.0,190.0,220.0,2026-02-19,2026-02-21,,,,,False
945a038d-2006-4644-8162-4a761915c199,5,AI-allowed,incomplete,3.0,40.0,60.0,2026-02-19,2026-02-19,,,,,False
1478b5d1-5bad-4662-9076-378350978e2a,17,AI-disallowed,incomplete,2.0,30.0,30.0,2026-02-20,2026-02-21,,,,,False
12ae2c62-23b2-406f-8977-36740f902aa4,57,AI-allowed,complete,1.0,30.0,45.0,2026-02-20,2026-02-20,29.0,0.0,40.0,2.0,False
581f3995-2975-45d8-b04a-1bb2941de21b,17,AI-allowed,incomplete,2.0,30.0,30.0,2026-02-20,2026-02-21,14.0,5.0,14.0,2.0,False
f66121d3-2297-4011-b22c-0dfd90dbb5a7,2,AI-allowed,complete,3.0,300.0,500.0,2026-02-20,2026-02-21,420.0,145.0,850.0,4.0,False
f0d72d07-8ef3-4f2e-bb82-f19287388092,5,AI-disallowed,incomplete,3.0,40.0,60.0,2026-02-20,2026-02-20,,,,,False
22e74eb8-618a-4640-a5cc-e680492ecf1b,32,AI-allowed,complete,1.0,45.0,45.0,2026-02-20,2026-02-20,49.0,0.0,65.0,3.0,False
037dad3e-7551-4279-b5da-a2cc035a2d26,5,AI-allowed,incomplete,3.0,50.0,70.0,2026-02-20,2026-02-20,,,,,False
b7ffa309-826a-447c-a4d2-165709e9ab18,20,AI-disallowed,incomplete,3.0,120.0,180.0,2026-02-20,2026-02-20,,,,,False
07c9ad95-8487-482d-9b7c-4d1ccacd13cb,9,AI-allowed,incomplete,2.0,240.0,270.0,2026-02-20,2026-02-22,,,,,False
b2fb5ed9-3f20-488d-8208-ec84fc989755,5,AI-allowed,complete,1.0,40.0,60.0,2026-02-20,2026-02-22,90.0,0.0,120.0,2.0,False
e43ac797-2f0e-453e-a578-2249432714f0,33,AI-disallowed,incomplete,1.0,60.0,120.0,2026-02-21,2026-02-21,,,,,False
3f173cc3-d294-49df-bc0e-bbdb25786e92,25,AI-allowed,complete,1.0,150.0,150.0,2026-02-21,2026-02-21,110.0,15.0,125.0,3.0,False
2df83254-683c-4c30-bd62-9c9e5d7e3667,25,AI-allowed,complete,4.0,45.0,55.0,2026-02-21,2026-02-21,50.0,0.0,55.0,1.0,False
07a3c988-2194-4a0e-84ce-29908af208d4,2,AI-allowed,complete,3.0,45.0,300.0,2026-02-21,2026-02-21,78.0,0.0,300.0,2.0,False
759a2315-9dfa-43e7-81a3-373d9905df37,2,AI-allowed,complete,3.0,10.0,15.0,2026-02-21,2026-02-21,40.0,0.0,40.0,2.0,False
676714b1-fd07-4d0a-81f6-a38c61636135,2,AI-allowed,incomplete,2.0,120.0,600.0,2026-02-21,2026-02-23,175.0,,,,False
68081019-8d72-4fd5-886a-d6376f88578a,25,AI-allowed,complete,4.0,45.0,45.0,2026-02-21,2026-02-21,40.0,0.0,40.0,3.0,False
258fb5ca-9116-4908-b884-cfe93497ec98,2,AI-disallowed,ditched,1.0,150.0,1000.0,2026-02-21,2026-02-21,,,,,False
052fa8d1-eb54-4381-b605-ac976e7f080b,2,AI-allowed,incomplete,1.0,150.0,1000.0,2026-02-21,2026-02-23,185.0,,,,False
db6582cf-e765-49e2-86a1-17c0c9d0ef37,41,AI-allowed,complete,1.0,90.0,240.0,2026-02-21,2026-02-21,100.0,30.0,240.0,3.0,False
2a895180-c225-4181-a363-791dc9659eb7,25,AI-allowed,complete,1.0,40.0,40.0,2026-02-21,2026-02-21,22.0,0.0,25.0,1.0,False
b370f0fd-1e57-4750-b580-6d34c8f1bc04,2,AI-allowed,complete,3.0,150.0,400.0,2026-02-21,2026-02-22,100.0,90.0,300.0,2.0,False
3a67dd1b-7084-46e3-a913-7bc5fcff85c2,57,AI-allowed,complete,1.0,15.0,10.0,2026-02-22,2026-02-22,13.0,0.0,13.0,1.0,False
b2e51774-f980-44b3-be1f-269ae241b887,19,AI-allowed,incomplete,3.0,260.0,290.0,2026-02-22,2026-02-22,,,,,False
44db27e1-bf41-42ea-a7d1-7df1f3b3de06,19,AI-allowed,incomplete,3.0,300.0,370.0,2026-02-22,2026-02-22,,,,,False
9d4db726-34de-4108-929f-7ad2d09a0dca,25,AI-allowed,complete,4.0,200.0,300.0,2026-02-22,2026-02-23,215.0,0.0,315.0,4.0,False
87912e92-c63e-4b62-90da-48b0f37fce1f,2,AI-allowed,complete,5.0,30.0,45.0,2026-02-22,2026-02-22,25.0,5.0,45.0,1.0,False
426611e5-14b2-48d1-b28a-77de81a95763,2,AI-allowed,complete,2.0,30.0,90.0,2026-02-22,2026-02-23,70.0,15.0,90.0,2.0,False
ea1f8a0f-42a0-432f-baff-e5be5dd72af2,56,AI-allowed,complete,5.0,15.0,15.0,2026-02-22,2026-02-23,7.0,0.0,7.0,1.0,False
4c5ec632-4351-4f31-87ae-97cc4f5e9d85,56,AI-allowed,incomplete,5.0,90.0,480.0,2026-02-22,2026-02-22,,,,,False
76ae9915-1d85-4792-9da4-787c858cfd56,2,AI-allowed,complete,4.0,120.0,600.0,2026-02-22,2026-02-23,140.0,0.0,600.0,4.0,False
aac82c9a-f3d0-4464-b650-f5137a52d7dd,56,AI-allowed,incomplete,2.0,60.0,150.0,2026-02-22,2026-02-22,,,,,False
c83f54dd-7ca9-4a70-b636-933bc6f86008,56,AI-allowed,incomplete,2.0,60.0,600.0,2026-02-22,2026-02-22,,,,,False
59f5054f-553f-4838-8168-765dcbcb3bee,5,AI-disallowed,complete,1.0,40.0,60.0,2026-02-22,2026-02-22,0.0,55.0,35.0,2.0,False
96c335fd-b75c-4d57-9d13-eefdc112190a,2,AI-allowed,complete,2.0,30.0,60.0,2026-02-22,2026-02-23,60.0,20.0,100.0,1.0,False
076d5134-1341-4876-9965-e776a56b0c27,9,AI-allowed,incomplete,1.0,210.0,300.0,2026-02-22,2026-02-22,,,,,False
c29e7be7-75b8-484c-85c1-0ac095c4ca59,5,AI-allowed,complete,1.0,30.0,70.0,2026-02-22,2026-02-22,40.0,0.0,65.0,3.0,False
9d44e285-90ae-45f7-ac03-559494a67fac,5,AI-disallowed,incomplete,3.0,40.0,60.0,2026-02-22,2026-02-22,,,,,False
2fb6fbc9-fc07-4c8c-9877-d72081bd72a6,5,AI-allowed,incomplete,2.0,90.0,120.0,2026-02-22,2026-02-23,,,,,False
1fdcb6d7-f883-48af-b28a-a32ca8d80447,41,AI-allowed,incomplete,1.0,360.0,480.0,2026-02-23,2026-02-23,,,,,False
19e61e1a-1fb3-4c4f-a0de-c64dda1330ee,57,AI-allowed,incomplete,1.0,300.0,500.0,2026-02-23,2026-02-23,455.0,0.0,800.0,,False
162dcb70-f83a-4ae4-b85e-28300a9429c9,56,AI-allowed,incomplete,1.0,120.0,1200.0,2026-02-23,2026-02-23,,,,,False
9cb6f949-372a-469c-9451-f4465140b729,2,AI-disallowed,ditched,4.0,120.0,400.0,2026-02-23,2026-02-23,,,,,False
d7d43ffe-ab22-4052-a023-09c492c0da5d,2,AI-allowed,incomplete,3.0,120.0,400.0,2026-02-23,2026-02-23,75.0,,,,False
3470c967-cdfc-46d5-a8dd-1407c94ca0b6,56,AI-allowed,incomplete,3.0,90.0,180.0,2026-02-23,2026-02-23,,,,,False
af6876f2-e415-4e43-86d8-10ce22f6025f,25,AI-allowed,incomplete,4.0,200.0,300.0,2026-02-23,2026-02-23,,,,,False
7cb9cc73-93a6-4db0-b6cc-99fcab5df3f1,25,AI-allowed,complete,4.0,60.0,80.0,2026-02-23,2026-02-23,60.0,0.0,85.0,3.0,False
afb4f3f6-1c3b-47b2-8a99-dee27803e7a7,2,AI-allowed,incomplete,3.0,120.0,400.0,2026-02-23,2026-02-23,90.0,,,,False
bf6c6ec9-02a5-4b74-bbe4-7ba03b41ab1b,2,AI-allowed,incomplete,3.0,120.0,400.0,2026-02-23,2026-02-23,90.0,,,,False
173645c0-38c4-4a8c-8cac-488928325ceb,20,AI-allowed,incomplete,3.0,120.0,180.0,2026-02-23,2026-02-23,60.0,,,,False
